ID,Uporabnisko_ime,Geslo,Vrsta
1,hsibery0,packDM65UTx5q,0
2,hlehon1,dekyCG13,0
3,gsallarie2,ihugXQ25a3_J6,0
4,acockayme3,onfwOM18tt,0
5,dstquenin4,yumrCR48vSe8xrff,0
6,sburt5,fwywYK88tDC9,0
7,prosellini6,vtugWO19N552,0
8,ncelier7,hgchQL06hD5,0
9,ademe8,twjnAP86,0
10,vmargerison9,vogiQW42HOgLS9,0
11,yoseltona,ugzaFY50yKWp2K4q,0
12,bvailb,vzowNM44HKNbU,0
13,lgolsbyc,mqqrZR06kFv,0
14,bsailsd,rxsrZX34z2,0
15,cmeinekinge,qubfDQ384_AgyfKt,0
16,ajoninf,olauJG725f,0
17,mpllug,woaiTE73,0
18,gbritoh,1uFljUEf,0
19,alesurfi,ufdqLQ660r,0
20,ballottj,tbgvMU258FONFs,0
21,bborlesk,aifzCQ94uvY,0
22,abevenl,rluxXE02gXKz,0
23,akockm,uznfTJ40pZzFb,0
24,dfarncombn,dazwHO18Dd7kwGd,0
25,pdicteo,yjjuRO65wND,0
26,ccathcartp,rqhuNC31,0
27,bdrableq,pwlyPA02AS,0
28,rbenyanr,vpjaCE92A3i2vIq,0
29,dapplegates,qsbmwDV56qqNJ4dpq,0
30,tdulwitcht,vcewQV47,0
31,kgersonu,snbxGO74XAcpu,0
32,nreedyv,JxxxoYY46TbJJ8wJsJ,0
33,aquennellw,NvnqtKP17CNN_Ki44zN,0
34,hwillshearx,odysRW62WubOWddX,0
35,nartisy,advaPW40_dLePIq_,0
36,asatterlyz,xgqyTA96rQabrlW,0
37,lwallworke10,bvgqLQ25ciIPhd,0
38,ctorricella11,irmtWJ63LcZop1Ju,0
39,sfelder12,bldujQM37eAxbbo3Eb,0
40,rphoenix13,hcnwYM88vOUtXCk,0
41,bdickson14,PdnkbQK60AMq8PP2LUP,0
42,rparkman15,pxlrCW02W,0
43,oshewan16,perlGM85pNdRT,0
44,cmckinless17,xnmnBK64,0
45,ltwine18,vzvwWW18Kr,0
46,tcarwardine19,apkcWK04_HEq,0
47,brumgay1a,cmmhIQ75RVG,0
48,qstigger1b,qchtXO53k2Fm,0
49,lgrinvalds1c,gbtdED438OACDBv,0
50,kmckernon1d,qsssDA52AZzmz,0
51,abrayley1e,ywljPG20XU,0
52,mmackeague1f,pascZA64,0
53,rbeale1g,wbjeUR31uO0Eb2b,0
54,cbarrim1h,iwfaEP61yFpC6Jpe,0
55,fborrie1i,xexiWK21mrgh40a,0
56,kbresson1j,achzOT32leQSw9T,0
57,gboffin1k,zclhOB47,0
58,vtarquinio1l,gowfFD04VHc,0
59,bmartinyuk1m,jclgIL47bqAbY8,0
60,mvlasin1n,prlbJK839ge2WAx4,0
61,wfashion1o,Rtm,0
62,ariding1p,jehgEG86sI,0
63,agooke1q,ochiJU65OTv_,0
64,cjedras1r,scrqDZ36c,0
65,kdelgardillo1s,znulPT75K,0
66,lgreated1t,icahZR97vlp,0
67,kgouge1u,kamvIT84KP_g5Qy,0
68,jtassell1v,qmxgVY38hzD,0
69,bokielt1w,cxdgKE4421Q92Dl,0
70,lmoggie1x,qaorZW675DblA6if,0
71,kgoldster1y,dtqfLG38dPHqifeV,0
72,treboulet1z,eqwbZC58Gv,0
73,wberendsen20,wmbyLS96Gf,0
74,dheineke21,cebzMC770f,0
75,lchinnery22,bheoST982HuaGqlG,0
76,scollyns23,zhutGN76IZQ2ccZ7,0
77,mtizzard24,oivuDC76k,0
78,dgibby25,ogpiPT22MEWTN,0
79,rabrashkov26,efirEQ89sXVT,0
80,mscolding27,lcgzNS43X,0
81,wmacellar28,gmtiWB909XeeSl,0
82,alowndes29,lownND63b88Yewm,0
83,gpriestland2a,v2,0
84,ocawse2b,nctcPD85QBvdA,0
85,slauritsen2c,UBcvB,0
86,mposen2d,pnkePQ58j3x,0
87,fatyea2e,8lbooGU82Wq88P8,0
88,mbabcock2f,xfyxZL82z9YIPFB,0
89,sbraznell2g,hkjxEL63sKYts,0
90,ckeegan2h,xhzjON20XlFBw,0
91,bcorris2i,xvdeXT47_oT,0
92,cbarnicott2j,cwrgWG83swoj5hr,0
93,kdrache2k,bheuTJ21MHPGpIH4,0
94,ealf2l,zpmbTQ17Omk,0
95,sblasgen2m,jchiYQ12Axu1hmZ4,0
96,stownshend2n,rounVK48DGXH,0
97,mhawtrey2o,spifUT79notvMN1,0
98,stheuff2p,rdsyPU38a3cu5,0
99,bfelip2q,jbptXJ00KNdX2e6w,0
100,bwanden2r,yfsuAI43xO_ZJn6o,0
101,tferrillo2s,zcltJT34aDmZBc,0
102,jduiguid2t,aumeLM18oD,0
103,kklee2u,wjrrFH34MQiO89a,0
104,tlawrence2v,bhvtCL89usw5Nq,0
105,epaffot2w,mfcddXB93xN0Nmmm,0
106,mbebb2x,nsxsJQ35CFj6,0
107,fchese2y,brpsTC18,0
108,mensor2z,zqpgJR18KLs0n2,0
109,ssaller30,scrsWB88hx5_0,0
110,fmepham31,huuzCE70s,0
111,ascurlock32,jevdEL1059oqC3,0
112,hdebruyn33,kqrlLJ129CtxP6CJ,0
113,rspender34,G,0
114,lmuckle35,secjZI97Jc,0
115,twales36,jfcdKP39rPPPDeV,0
116,shedge37,ipdvLY85615IkyCf,0
117,jandreuzzi38,kzlfUS00Zq,0
118,sivanyukov39,bbvoYD56veToG,0
119,dbourgaize3a,mwuwYW55GRRlWIH,0
120,dhastwall3b,ptcgVD44S,0
121,bstait3c,dlxfMR02IEuMet,0
122,cwakenshaw3d,dwyrVV08Lv8MF,0
123,mhumbert3e,blllYL32Br,0
124,gawmack3f,rjegEO94,0
125,lwessing3g,nqvmDN04Qz6IFN,0
126,rgerber3h,hsotQQ541zM44,0
127,qbravington3i,fxuzYC55,0
128,shartwright3j,zuxfPA7564wa9,0
129,shamblyn3k,muwbTP13O,0
130,vdimitrie3l,ogotWT57ne,0
131,shay3m,hehiQO92dmiYedy,0
132,twoolley3n,wqfaSU32lM6Y,0
133,srafter3o,pinpMZ23CX9cb1,0
134,ikeese3p,qtmuMM55Fd,0
135,lmeo3q,cxlyKN31yfxyPNEy,0
136,ppeterson3r,kchbVR63dS7eLdx5,0
137,hbartell3s,rubwAV05,0
138,bcrouse3t,juhtLH73Jfxl,0
139,lhallows3u,ffdkSG94P,0
140,lmaclaig3v,kbzrAT36COj,0
141,vpandya3w,jekwRC34w,0
142,cpentercost3x,ubscSO30yvQ,0
143,gcardiff3y,wgqxEL35TQmu,0
144,blangdon3z,rlzfZK76Ya,0
145,awescott40,uwggJO86nvsTF_,0
146,shyde41,kdguVA91IvhmuuMl,0
147,mpryn42,sfzjTP43ZdCy4KZ6,0
148,edinnington43,oxghWJ78P,0
149,kchasmar44,ehvhKD31yI,0
150,ckorpal45,bugzQU99bUeNc7,0
151,tcheers46,xtdkGB05Fzw,0
152,dcrosher47,sapzJK544Jt964ld,0
153,tdaingerfield48,nrhgSJ89,0
154,cbrumbie49,X,0
155,cmarland4a,ypymCT01lDi0,0
156,poffner4b,fcrpJJ11sLb8p15c,0
157,mlikly4c,tuzpDJ32,0
158,dwofenden4d,nvloLF78W6JJJ1,0
159,cmatokhnin4e,rpvfLQ67MjZjr,0
160,qruane4f,xotbHJ353v,0
161,adeering4g,woxvNO091,0
162,sgedling4h,wxtmIV05WM9lB,0
163,rbuscombe4i,ixfiWM79peie,0
164,calessandone4j,noexLN59f7oCke0v,0
165,emcmurraya4k,qsbjTN26wv,0
166,tsmedmoor4l,micpWB96b72L,0
167,tyoules4m,odpvGH48IEPdD,0
168,ayorkston4n,zmzkRN58,0
169,mdarrigo4o,gxpzJV42PyR,0
170,tdescroix4p,jdpaKT13kGPyEX,0
171,lhryncewicz4q,fdmmRQ27R9,0
172,mcockerham4r,gvrsQD17dt8TeS,0
173,kelsegood4s,feslDS53JqWP,0
174,wivanikov4t,fhftSF19aKr,0
175,mselborne4u,nztzWZ67xBkcNRKx,0
176,vmallan4v,4m,0
177,ghaker4w,ecoyVG42a,0
178,cfysh4x,tjvhAG947zL,0
179,mgwillim4y,zsbuZE03jkbf,0
180,cpearsall4z,lxipMW91TvTf,0
181,ptomankiewicz50,jklrYT79,0
182,tqueree51,siluVQ73B,0
183,bluby52,egvmFH14Hr,0
184,htomanek53,xnpfYE04,0
185,rcullagh54,fqtoCT15ceG,0
186,nrothchild55,ttuhEC17XYLjEz,0
187,bchomiszewski56,chmmKD38o,0
188,gsmitten57,nepoDW57,0
189,jwindas58,uubeSB30Z8b,0
190,aausiello59,zcskXJ58dNN,0
191,vdallicoat5a,bzktPS78O9BB,0
192,jfanner5b,frjdBE998BmF,0
193,bneale5c,w,0
194,lgiacobo5d,hackZU65,0
195,dsidebotton5e,rjgvZC34wCFXS1M,0
196,kgeorgeson5f,judgYH99d2fVO,0
197,cwarner5g,tkfoAE75,0
198,pdedmam5h,vzfnPY25asrYP,0
199,fpittem5i,xhswUU87k9,0
200,iwheelhouse5j,eceqAT65CJ8Fpi,0
201,cmcmorran5k,qnkoEJ93T6Wzjz4c,0
202,aferrandez5l,roynAE77ss,0
203,kbidder5m,aicuPZ970,0
204,ylevin5n,bwujBN02PJ7ucc7,0
205,pcolly5o,wolxQP98Hwl5Aipg,0
206,rharling5p,fbmqME94lW7Yi_7,0
207,lspringford5q,fpkcWE92,0
208,cmckellar5r,tuheNG82yEGzzYt,0
209,kpighills5s,linnFE14Zu,0
210,hogrogane5t,jskdFO62pM,0
211,hisoldi5u,swjtWE953U,0
212,fvasser5v,plstVP781juWYH,0
213,tperin5w,qharDJ19prRwiH,0
214,mshand5x,zudwMY555p,0
215,tgypson5y,pjrhIV15hsG7,0
216,mskpsey5z,kujqIU40NzIOJQ,0
217,jdilley60,pohlBL24,0
218,ffaithfull61,wbviNB39yNk2M,0
219,lfrancesconi62,tmegTI56I8weWh,0
220,metridge63,thvgFJ68tP,0
221,rklyn64,etkpSM44BQJOlGI,0
222,mmcgeneay65,tcultGX55AHf1ttVtt,0
223,acreber66,tnxyNB32IO_bYk,0
224,fgrayham67,niolDI18I,0
225,pbraunston68,nzbhCU41UaI,0
226,cdcruze69,esjcNA81,0
227,cwarcop6a,ywaaJX00,0
228,gleland6b,kdkmCP34b8hR3a,0
229,cemmines6c,qagfYK82Mw,0
230,ialasdair6d,ebqnYH20b,0
231,hbastow6e,lnfpHL76Fr,0
232,rcastaneda6f,gadxUK82H,0
233,ecabrara6g,ysadGD67msZgt,0
234,dstannard6h,yrosEQ200k5gtp,0
235,jcattenach6i,eealRN95Sd,0
236,ostobbs6j,pawiQK48ktu,0
237,bspreag6k,ceqbBI34H77WMw,0
238,sovernell6l,nohwKY9456EA,0
239,kmaplethorpe6m,vsvpKE928uvJog8,0
240,dpordal6n,raxuBP80aW,0
241,dmcgettrick6o,wqsvXA10O,0
242,fsail6p,bpeuKM90f_JkD,0
243,epetersen6q,mrwaTT46K,0
244,jlimer6r,gyjcaCR28gg_g,0
245,hlorent6s,zbwiWA80Hauzana,0
246,imassy6t,fnynQG02RuMME,0
247,dharly6u,hvldAL10eBwUj,0
248,brosewell6v,pbxfVN53q,0
249,skinloch6w,sdneYC23xBMrwI,0
250,mlever6x,kdcgHF29Rjgie,0
251,clelliott6y,armiLA31meeFbhX,0
252,tbowkett6z,mgcrOM94hEfSae5M,0
253,alamburne70,vyprUN95,0
254,lpettingall71,sduhKI83k,0
255,iramshaw72,vvgaJF59cf,0
256,dgarry73,hhxkZX77ueOKM1G,0
257,cbriscam74,sglcAG98eIw,0
258,dclougher75,8MCH,0
259,hbutt76,lafaPA9321TDivB,0
260,brydeard77,emfoKC60,0
261,ghollyer78,fumlGU14eheEDg1,0
262,tgerrans79,nfuuDD08fKV,0
263,ivobes7a,fqgkLY55VZPR,0
264,rlyptrade7b,rqjwVG81hVH9BL,0
265,hbarents7c,cqnpXK83,0
266,mkerby7d,mymgAQ81xVVGGsD,0
267,dfazakerley7e,bpdeMP39LJr,0
268,bgiaomozzo7f,ywqkHD47i06licg,0
269,keyden7g,grhkRM45yxf,0
270,ahayter7h,posfKG89og,0
271,edewire7i,kcuqPU59D5I,0
272,gbrashier7j,oerxNN48X,0
273,rgleadhall7k,fzldME06x6,0
274,bcathery7l,gpvfWK9810Q,0
275,vcunradi7m,ltmjEG57AUekAtK,0
276,jmartinetto7n,psluQJ52Udc,0
277,cfilipputti7o,ypahNT61vhxz,0
278,covise7p,utbsYK886IzJ,0
279,wflaubert7q,kawaUV51FqodDCn,0
280,awoodhead7r,plrmXK64bX,0
281,kstapylton7s,facxTT07yP,0
282,awestmerland7t,gflbAZ62E,0
283,ekillick7u,xxtsDL37W1HlN,0
284,bdell7v,rreiOZ98_N,0
285,estallworthy7w,dosoEW43lYYk,0
286,mandreazzi7x,mlckeYG33mm2vozPgm,0
287,afayerbrother7y,xlarIG56Swh,0
288,ddresser7z,knniAL88Pgk83Y8p,0
289,kwhitty80,rmzcMG92yjcS,0
290,dsitwell81,pideZV19konJnSb,0
291,hgobbett82,juvyKG99TMw,0
292,whamlin83,bivhHV55MH,0
293,rdoohey84,fsdgEN62gyvMN,0
294,aeveque85,rotzMM71N,0
295,hkeeltagh86,pqqkLS04F,0
296,emesser87,ibtyJY65x,0
297,cgarrigan88,zosaGT49T8_3R,0
298,amolloy89,gwwqUY49i5gC,0
299,tmapstone8a,ftmvJX58Jhg,0
300,smapledoram8b,qtgoMP39z,0
301,ecabral8c,oaxkES45e,0
302,elugton8d,dmmkCH99a,0
303,ljedrych8e,brxbWX53j0HiD,0
304,fost8f,adzkBJ25GzFRG,0
305,kmacpaik8g,wbdtCU40wJ,0
306,anapolione8h,xuklOV16r,0
307,cmarzellano8i,wdjfHZ46,0
308,idomeney8j,onfuCL21sWaAK,0
309,hivanyutin8k,azdyHK41,0
310,amanvell8l,ZtvmgWT70ZZzNHLZ,0
311,sscotfurth8m,hngkJJ854ja9y,0
312,eeilhart8n,vrlsOP51u,0
313,ljoost8o,rgbySG59WBx3BZ,0
314,epearch8p,micyUY95GiCxz,0
315,isowrah8q,nzeiJM39ztUGm30a,0
316,zdebeauchemp8r,cvquRE60uQUavX,0
317,mbartle8s,ctaoYN377XBhc,0
318,nfardy8t,aazsXW00,0
319,jdodge8u,iqnbVF50QrN8zr,0
320,caspital8v,wvlwWV89,0
321,rblakiston8w,khfxUT52UAA8lIo,0
322,rlardnar8x,wfpfJF30v,0
323,awickersham8y,xnkzTH44AJ4L40,0
324,sfolca8z,vcciPX45400bEpc,0
325,crawne90,brjfWV52WtBB,0
326,zpurchall91,hqyfHK53LEEvV,0
327,srastrick92,snhwLQ54EoO_0V,0
328,gharme93,vtlmDF16PKaKU,0
329,tdunlap94,k,0
330,jcarrack95,luxvDK30nlo,0
331,achesnut96,ufkgYC308Z,0
332,fhasnip97,jiUq,0
333,pmaccrackan98,sbmvSX87rbxv2p,0
334,wknighton99,Cbp,0
335,cwinsper9a,izhyFA46,0
336,fcawker9b,hvnlON91BDkJ1,0
337,jworsom9c,hbhyOH266F,0
338,cgaze9d,fruzBW56an81Wq6,0
339,kcinnamond9e,zbhxQJ53YFYaJ,0
340,mtilmouth9f,Wj7uY,0
341,mswalowe9g,bgroZT31,0
342,mlegalle9h,mdaoCP89Rd,0
343,gpolycote9i,fowkFF87pys,0
344,thallt9j,sekpVO50816wp,0
345,ksandeford9k,kyfuYL92cTvA3mk,0
346,epelling9l,dpumLO34p,0
347,epietron9m,ttebYP32A,0
348,bhazzard9n,nymnAW29257P69M2,0
349,wpitney9o,fz,0
350,nclawley9p,apqiTT85J,0
351,blavis9q,tbhyfEJ20VtthhhYttt,0
352,wdelgadillo9r,bwxoLC14U,0
353,dhedger9s,QkJtAs3,0
354,rburdfield9t,hbnwKR40UBbXOE,0
355,bpetraitis9u,pqatOW4502Ef,0
356,pmcnerlin9v,ydbmTF50iVgqY,0
357,jfinnis9w,aksiCU83ESEKa,0
358,dmcbean9x,walqRU73o_,0
359,lhaversham9y,yxnaZY88bsROT,0
360,ypeagram9z,kqleHV03L1NZQBV,0
361,scurchera0,qxboAY37112,0
362,bwarmishama1,tmpyQP62Q0,0
363,ipadghama2,oporOL17h,0
364,slucya3,DzqlaPG09YeDD1IQSQD,0
365,ctimbletta4,zsrtGG825,0
366,ncozbya5,ljwcPF0657hI,0
367,aszachniewicza6,ofvlAQ58TQzg,0
368,jshitliffea7,dqenAX44VmXI3,0
369,vrubinfajna8,ezatFY81xJGsh,0
370,dreitenbacha9,sebiLK969,0
371,ltraytonaa,saouMX37qBCb,0
372,jjouningab,dxebYB76,0
373,epurverac,wrkpEJ90B,0
374,cwhitwellad,mgilAX98i,0
375,iladellae,ieoyET329,0
376,tsaiensaf,hsaqCC78,0
377,kyouteadag,ndpwPK44P480l1,0
378,kgarthshoreah,kmoxMF85vKq,0
379,fbohlsenai,zvmbTX41,0
380,bmcgrealaj,gijuTM37VUIAvm,0
381,taguirrezabalak,lvteBO17,0
382,esparshottal,vdrrXD27,0
383,ccockellam,UuEey,0
384,bsickamorean,afbiCI62,0
385,rbelcherao,yawtPP30l7zqEv,0
386,rmatuszinskiap,ecjcYQ494uBcvbWd,0
387,gwiddowesaq,fvlaKS82,0
388,irylear,qvquWX54_AS,0
389,rguyas,jpzfBI49OTz,0
390,cdonatat,ikxrJZ14duH0bF,0
391,gfetterplaceau,hwcgSN81rU7Q,0
392,emcgheeav,lvrgQX84XTSQETP,0
393,hivashnikovaw,pyfqKG49c,0
394,bkrinkax,jsjmZN66Nh,0
395,tbucktharpay,deloHY45,0
396,ktoftsaz,bbapWA77uwdWJ0NT,0
397,cblossb0,ooexXN04lk,0
398,rgoodsonb1,cpkhSL32x,0
399,jframptonb2,vlzgkOR929vvav,0
400,kjeffressb3,gbdqZR88Dq,0
401,domonahanb4,ftzrXW50cH0Jfmv,0
402,sshippb5,zhldYS59NlrjJ,0
403,aforesightb6,dmleGU5945FeK79L,0
404,eknolesb7,twwsUJ38o7T,0
405,gciciurab8,oruuFA23So,0
406,fgutmanb9,idmrRP42,0
407,callinghamba,idzlVS5210,0
408,bburnyeatbb,exnsOJ49U,0
409,mmacailinebc,lotqWN21dlt,0
410,ubonibd,gjitYD821n88qTo,0
411,mmccuthaisbe,LM1pfkx,0
412,bsquirrellbf,kevdKW29,0
413,eflamankbg,lxijVV03X,0
414,gwoodallbh,wujxIN120HM8SgS,0
415,iokendenbi,bwzeMF06hJlgCm1,0
416,nmanderbj,ovxeZU91Eh,0
417,cmatousbk,nlrbLV53k6dEy5,0
418,rtrailbl,tkinGO73,0
419,ltilburnbm,bjquTB74,0
420,mmowsdillbn,qyarTY22JhxDTBZa,0
421,dleathersbo,tqseUX11YP9XR,0
422,eparkynsbp,ffuhEJ86VJ,0
423,tiversbq,retkQX55jnF97,0
424,acottelbr,xgnzHN59L,0
425,ciczokvitzbs,gmihGN96BRjFI,0
426,abraimbt,c3,0
427,ghazeldeanbu,rzwlYX06cO,0
428,dwilflingbv,fxzwOW14UU6yPjn,0
429,koharabw,csacXD27H,0
430,cvassmanbx,ukkfIN8776,0
431,twathenby,buekZZ17Q3,0
432,kevequebz,ckdyAM66zQGPEEx,0
433,vgreenroydc0,pbsgTW52,0
434,slundbeckc1,wjdzWC20u,0
435,hcapeloffc2,ajgzAG90jQFsUZ,0
436,sismayc3,iyjyJC48ztZAOJY,0
437,kshephardc4,nknbIW05gI,0
438,sthroughtonc5,odhfZZ50pzk61W,0
439,hluxonc6,aknbEP88,0
440,mhanhardtc7,bfzuNQ93jT7l3pdk,0
441,draynesc8,nwaiEO33,0
442,ldunkinsonc9,ibwaXV291L9zFq,0
443,cgobeauca,ucpjQN83Iv,0
444,hsedgemancb,vcprDV32pH_v9Q4,0
445,theinsiuscc,wnsdQR10SP,0
446,acatterollcd,hlbbNF21_FgulD,0
447,zmaccaughence,uussME12mn,0
448,cagostinicf,rsffQQ75wSUkzo,0
449,tsignorecg,epatWV48fxANp6f,0
450,qkennifeckch,wjheZJ26UU8inj1,0
451,vvonwelldunci,oviuPO586,0
452,sattwoullcj,cejeOO59v2oj7s0,0
453,mcampionck,eptqXU55FI,0
454,kschroedercl,mggcDR69ZWm_g2B,0
455,bpuxleycm,lxkcNF02fVBl,0
456,gflowerdencn,sfilOJ67N0ZvuX,0
457,plangtreeco,kdfaYU897,0
458,rdudincp,0y,0
459,afisbeycq,ikqzsDK73YmVTiiidHi,0
460,randrincr,wzynDI383yf,0
461,fdoberercs,cszmKR676En,0
462,snanettict,avyhIB67KGVs,0
463,smacconneelycu,dbapJH71vg9K,0
464,vsharmacv,henlOB99SeT,0
465,ddoveycw,iurqCP479,0
466,sstiegarcx,bjjdEZ30,0
467,ltabercy,ytqgRF06VYhTfwDr,0
468,matackcz,fvxqXO56NZMfZG0R,0
469,zmceloryd0,oomnCL34_u6bI,0
470,rhowelld1,vproBV94F,0
471,elarkkemd2,gjommAE44LJI_ogQggg,0
472,hcrownd3,ohccXC98,0
473,lmastersond4,odofJE44_9OKP8Q,0
474,ddewired5,tseySG09Pp13,0
475,cvedntyevd6,xrqvXG85,0
476,pmcclounand7,ffpvET21cmq5kyv,0
477,jheinleind8,kggiCA70pL6b,0
478,mjakoviljevicd9,NeeyiOL47jJvNNDaVxN,0
479,phannondda,jnhwQA40UTYm2EvQ,0
480,tbullerwelldb,wbhiHQ759KkcVbHM,0
481,bminghettidc,ogstLZ83n,0
482,badolfsondd,brrhXV64,0
483,mmaindsde,bihjND36xI,0
484,jsokilldf,nqwcVH29Fu,0
485,sharpindg,kukgWB05bQC2Yc,0
486,dlutondh,gjutIQ10UJ98o,0
487,ewarrierdi,dfcoBA78E8YU,0
488,pdemaredj,lbcsQU16qhLK,0
489,lgreenarddk,fvmvLS513us8,0
490,bwalkingtondl,yvnaBX016UA1,0
491,lcastelaindm,swljBC52,0
492,bgoacherdn,hltjCQ03P1PEl,0
493,mrowenado,dxdlJP59zsHAOHr0,0
494,mtitmarshdp,qyimAW26tPmEXeY,0
495,esegerdq,ifxlNL32,0
496,hjeffreysdr,hjzbBF26w,0
497,crolinsonds,vxmnKH203uvS4m,0
498,gkillforddt,nuouEB09R,0
499,mcrenagedu,vjlfSJ98EcN8bi,0
500,vtoffolinidv,uvojIN49Pu,0
501,zmilberrydw,J,0
502,ksherstondx,mmnlOY93OgLZ,0
503,estidworthydy,nqndVU26n,0
504,hwebborndz,yjbxNU879,0
505,wcathesyede0,hknkNI90i,0
506,lbromehede1,eixsCN60en,0
507,sfablere2,pxysRJ90d,0
508,strye3,luxsfFL19kxdCmG9lll,0
509,lregoe4,affbLT96BD,0
510,dlaughtone5,ydsaQN876,0
511,rfinlatore6,flhlKE71acWTuVP,0
512,rcustancee7,igphJL18dnka,0
513,gdenerleye8,pbsiVI46,0
514,tfreeburne9,pbkiYB98,0
515,tknuttonea,vqeiPY945D,0
516,bcocktoneb,szckQX90YrQRv,0
517,lschleicherec,cpkzNQ53OFb4g,0
518,btitteringtoned,ykcwNX70,0
519,pjunesee,lnqfKN61VVqQkm,0
520,amallisonef,svmwJJ62XpC,0
521,ahuggoneg,ewykTL07lk,0
522,rredfieldeh,byznHF34GuJADjv6,0
523,fcostellei,iiymKO086BGDb,0
524,aabrahamsej,NvhnmWO12LQqNNdNNDN,0
525,ljirasek,cwwfXM26rRi1,0
526,fdenfordel,ugrtST59mZbAgdGe,0
527,lbiasiem,onubWC51GguhY,0
528,cvashchenkoen,imhhDC28CbikVfqf,0
529,blimbrickeo,vzyyOI61Ks2S8,0
530,dcutfordep,wzlnGW61uibt,0
531,rnultyeq,iielMU68pDjD,0
532,lblethiner,mwvtNZ00wy,0
533,mploweses,bkdrBL10WodawW,0
534,ggilleret,gfcmFJ624iDY4,0
535,vcolegateeu,aiuvBD28tRQFBzx,0
536,jbankesev,kbrvYX70H,0
537,slemingew,tgzwIE95XnGeDDLW,0
538,bgianulloex,shnoPD11Z,0
539,dpeekey,qmvbIH32fj_4e2s,0
540,adaneluttiez,ntjeNE43,0
541,rgebbef0,mdfnNC80QQN,0
542,kohanleyf1,jigpBH88f5MlHYP,0
543,blaydonf2,qpwbBN41xZHHno_,0
544,mwaterstonef3,ocmkIR20WHUs,0
545,cmalcherf4,elfqUM74eL,0
546,mbarrabealef5,ydwmZS069Zd,0
547,tshwennf6,rnqnXY75kXU5,0
548,mdaunceyf7,abjaAG84,0
549,apridmoref8,qygavSY40oqqdoUtZ8q,0
550,frustidgef9,qubcYK75,0
551,mpendrighfa,ccgdQP134sEpJ,0
552,bsturgefb,ppzxLO91Yks1,0
553,jmulryanfc,aergDD70Gz7f9gWJ,0
554,estovenfd,apobTO15A,0
555,bbardfe,sukgHG85DcRzu,0
556,jodwyerff,fkelSR46rDHz,0
557,mconnahfg,xdhhKE63Rca,0
558,arotheryfh,tywsJU50fC,0
559,strucefi,gtztTE27anL,0
560,pstrangefj,zymkYP39mY,0
561,cstarrsfk,sigdKJ78,0
562,aoverelfl,ajcfBL629i0ZX00j,0
563,rtowefm,xxrdLV48binoY,0
564,ethomessonfn,pwzuXU18O_3iuY,0
565,wsalzbergerfo,vvpdIU46qjSR,0
566,yerteltfp,olucQF32SMFzu_,0
567,nalldrittfq,lntqOU75gFpm1d2Q,0
568,mscraggsfr,dsumXQ24yRRrJIUR,0
569,ntrenholmefs,ffqmCW41DEWe,0
570,kdavidaift,eqknUQ98AYPqoN6,0
571,dmoylanefu,kkbkPQ65AMyacLN8,0
572,rsanchisfv,mfcfYB07z,0
573,gmckellenfw,akanSC29rIO,0
574,kosantfx,cmhfXI59L3pTa,0
575,rseylerfy,eprkZH86,0
576,larpinfz,ommvGJ54Vue09tE,0
577,stranterg0,xftfZQ15hW,0
578,ssheatherg1,ZxubxJI65LALiZZC4MZ,0
579,mcostigang2,3LCG,0
580,cpomeroyg3,akfdHT84MxC4NH,0
581,dmelchiorg4,txvbeKH85ttPH_t,0
582,kguidettig5,cxrlJQ39skKFywwM,0
583,hpascallg6,mfhcRB048ZxXyv,0
584,wgecksg7,hmqvAH16ZF8OTr,0
585,jchatbandg8,ktwbWB312ZXjC0,0
586,jlageng9,dtntWK438hfT,0
587,tdoerlingga,gdxdUG60nKhEW9,0
588,lsuntergb,clkqRA99Rc_j,0
589,bayshgc,prdsKK49DiRvz63,0
590,dklugergd,nynlQK598MyCeWms,0
591,jrickhussge,vmgaZO53,0
592,lgeorgeougf,vdwpWY744PihPqIF,0
593,bstealeygg,jocuIV29,0
594,smantripgh,wnlqUE2916LgSl,0
595,apenelligi,yackPF29VY4sb,0
596,rbaswallgj,dgffWD67,0
597,vtroygk,fajkNZ96rPf1u,0
598,thodcroftgl,wlukRQ894r,0
599,djanatagm,cnjbLQ66DdvIWdnC,0
600,ltreskegn,ribjVG36TX,0
601,lbonnettgo,pgwzNV81l,0
602,prawetgp,lomcGE66,0
603,srosberggq,xzxiEL07_BP,0
604,klakemangr,qxljLU67Dr7wD,0
605,spachergs,kissTM42_r0EgV,0
606,bcostockgt,stgnTX35LwxzKJEg,0
607,bmillergu,fsvfLS75wTB,0
608,kjarrellgv,tyklPA51YYEojIXg,0
609,bfalconertaylorgw,ppreIT822,0
610,pbrakspergx,fqcrJR987,0
611,tdwelleygy,qjcrVU616tL,0
612,eworrillgz,yysxSS32aE,0
613,lclandillonh0,kMH,0
614,bcowthardh1,hfnfYD96r,0
615,cwarsaph2,doztCP58wn58poun,0
616,hmelodyh3,xpyiZT38MKoa,0
617,nnorsterh4,vnflBH51b,0
618,bcoilh5,iirlRH53wASKAQH,0
619,derrolh6,jhbwLU06U,0
620,rvogth7,jmipDO86AIo,0
621,wsharph8,kicyHP92uTWCd,0
622,dweldrakeh9,iipsSK52G8,0
623,obrightmanha,sbriFV29fh,0
624,imayerhb,uoprBY55,0
625,bkynochhc,e,0
626,ddockwrayhd,peufTQ14TwY3Ppnx,0
627,farnholzhe,kyjaQK981Xb,0
628,taaronsohnhf,uziwVO67hQWrj,0
629,cberzinshg,cwfhTQ2025a,0
630,vbolwellhh,cymoHL2195NRV5t,0
631,gmcgerraghtyhi,rxfhKS11wnbRR9w,0
632,qmongainhj,enxwSI07FJutj,0
633,clafayhk,bjjvXD22kOM_Y8c,0
634,jlonerganhl,ngxfTH08,0
635,delvidgehm,IosvoTW14eGtT4IIVlI,0
636,hcorbiehn,OecdiEM23_OOsyZHO,0
637,rdroghanho,lkpkBY73LULs1CNg,0
638,nissithp,gmufSI7300RPeJxB,0
639,bwealdhq,dgjxLW17wryA,0
640,emajorhr,ibttNJ36LR,0
641,siddienshs,iwkfAI55K8t4,0
642,wtagght,uipqUA449pOV0,0
643,gscoughhu,vifeYC10ds,0
644,bbegghv,pfwvMF38ERf,0
645,gniemetzhw,uedhUW72NoP,0
646,eyoulehx,gmnbWD01lyubZ,0
647,gmatzeitishy,wqfbNQ76OOJ_Fy,0
648,maxcelhz,ftkwRY156lPRIqCb,0
649,fjinkinsi0,ywflND92bI8,0
650,cbalfi1,qwbpZN89g,0
651,rnewvelli2,jhglSI170fthDIhM,0
652,asweetmani3,vqtmKH00Cv,0
653,ealwini4,orbrOL25Yt,0
654,gakkeri5,tfjzSN33ONiU1qx,0
655,ktilburyi6,jeskZC04TevWK,0
656,fkilbanei7,auevCD94hk,0
657,cmaidmenti8,obknSA69,0
658,pseagoodi9,bbpuKY841U,0
659,smcchesneyia,djneZW89l6a0plkw,0
660,scabellib,dtdxOZ51XLc1PT,0
661,ffarnfieldic,drrwCA2523CQEb,0
662,npennigarid,pxseLC64uW3PMz,0
663,smacavaddyie,m,0
664,mreilingenif,qnqsRD31EbrhoLzu,0
665,mstowteig,ndpxRV93h5_v5Ia,0
666,ascarthih,yvyzMU23mdPe,0
667,jsympsonii,gytvUW23NNNv2z4,0
668,ltidballij,raowFZ06HNb6,0
669,wdobieik,qvekUC734yP0Y8,0
670,sbeardsleyil,loklUM24If5FUK,0
671,elynockim,ksuoUQ44,0
672,mhabbalin,tecmCA84Dyp,0
673,cuttersonio,pjlzHU63RbImN35,0
674,smckeagip,dymyRU60qP,0
675,mbuckmasteriq,sdbfWS906EXaUn,0
676,emazinir,rgfmUI730dKZTTMz,0
677,dbrundleis,pxvjEH63u,0
678,droastit,ginoJE45,0
679,eforbesiu,kirmGZ65nL22z,0
680,bpenningtoniv,beuzSU565D8eMQOB,0
681,brobusiw,dcxsVT408G9bc,0
682,lswafferix,azjsCU59wFcqW9Vo,0
683,nweddeburniy,dctoTI96so67TA,0
684,btackleyiz,fmswKZ45Yoj,0
685,zbygatej0,zjiqPB68M7V4_m,0
686,rfearensidej1,dicoJI06oT,0
687,scurryj2,DegcyUJ95Cxx60ZDDdD,0
688,ckorneevj3,canwSZ92SXakSoGe,0
689,losbournej4,uihpNX896gMZniuA,0
690,scallowj5,oxkgTQ36J,0
691,kramej6,aneoVG46,0
692,enewarkj7,cbmvXZ5217B5BY,0
693,skempsterj8,qyzbHP093,0
694,bshutej9,huvoRS986,0
695,bmedlicottja,yficVN57,0
696,dalldridgejb,qckaIQ771_X1klsa,0
697,restrellajc,tduyGI06W8,0
698,gristejd,uolxRK50f,0
699,cmarchandje,acjrQG35,0
700,aluciajf,iokrSC62IFUY,0
701,esimenetjg,sdtlGU18jcsyDX,0
702,asmithenjh,fnacRJ98NEps2iu,0
703,ncordesji,vvliCV70jilW,0
704,cnuzzijj,daofOQ76nGtwn38X,0
705,hfenningjk,rezrVB11PWbcqX,0
706,tgubbinjl,gzjmCV36PKGE34sj,0
707,gburreejm,S5l4o,0
708,civashinjn,urtrYD55,0
709,bcicculinijo,yyqpAG44cm,0
710,opinkneyjp,xpzxFY680GM,0
711,ipothburyjq,apvhNN58Bd,0
712,cpieraccijr,dhgiKN09d7Vai,0
713,tfaivrejs,imvlJB02vsmYqoMG,0
714,sburrisjt,ovrtJN80,0
715,gcummingju,xtanJA15iu,0
716,fodyvoyjv,msyiTJ11SYtG7q5k,0
717,aclotherjw,iyihFK32cHZ9fsv,0
718,medmeadesjx,yaqmWA45ZOW3On9,0
719,rperinjy,nsgtIE35,0
720,ewharbyjz,lhrtRZ56qr,0
721,adarchk0,zkkrIW76H6,0
722,etinmank1,J,0
723,bmithunk2,vqsqAB67Rnu0,0
724,amathisk3,hizsJJ03iJOp,0
725,dburghillk4,kvvaFC26yDJFW4Ym,0
726,kchattoek5,mrsiJJ79iih,0
727,fcrouxk6,nlpyAU39kK0itJpJ,0
728,trummink7,tchfAD88M4oQnek,0
729,afritschmannk8,ftbxXM09rVsMM1h,0
730,lriachk9,jovtES32HEiz,0
731,jcoppockka,gfkvBS91,0
732,hstiantkb,qdyzRB577IC,0
733,ctabernerkc,SkHQv,0
734,dfilkovkd,kexoTZ71DCO6gXF,0
735,sdunstonke,quwsCR62tML,0
736,cposnettkf,nfjuWI159gkaYM,0
737,mloudkg,ptlmPZ30gtw2S,0
738,nbahlkh,uwvtOE07,0
739,zruggenki,psemQP670bZoU,0
740,nboijkj,jlhzPS42ddWgY5nc,0
741,nbollerkk,llqeTX74HoeuqU,0
742,ypleweskl,reudJQ74iOv,0
743,bbuschkm,jhkxWO85kclgXA,0
744,rbouldekn,xzarvKT041zxxbFcpx,0
745,csiggersko,vzchZC94qQv,0
746,pbrannankp,vffqNT58,0
747,gliccardokq,kxppTL68DbxuAp,0
748,ipagekr,qhleCY24V4,0
749,dbridgewoodks,mkyvYE32UN,0
750,lwillbondkt,dqxpJQ939HZYaWqJ,0
751,dginmanku,xzgmOQ42cUJO,0
752,jtroctorkv,juehMI80dofY,0
753,aclemontkw,iuxkFM66SE,0
754,dbiernatkx,dybaVF55k,0
755,gcheyneky,qryoVT836X_oG,0
756,wmckendrykz,cfubTR90IETVeQH0,0
757,kcoetzeel0,hxpnGW41uB,0
758,bsainteaul1,aeiKiyx,0
759,ebenkinl2,ewizGK80cx2RhaHP,0
760,wbrungerl3,dzpgTE01Xyj8,0
761,tallotl4,pqiyDI00,0
762,gtungatel5,anirLJ68LPm,0
763,vbalentynel6,qrmhFU73,0
764,wbatsonl7,ifepYM362nZ,0
765,sfortunl8,zeqnXO12ucqzWS,0
766,bjohnseel9,CLQWv,0
767,fbarthotla,hhixBV78_rl5,0
768,hdemangeotlb,qiisQD58X88WN,0
769,rworvielllc,ryusQY51bQn5mPY,0
770,ctommaseold,dacbYI44mIfvE7_,0
771,ebarclayle,bgxyFR76A,0
772,steatherlf,Kg,0
773,bmacteggartlg,cvxuUS23,0
774,lshearstonlh,oosnYE75NVY,0
775,greadmanli,7jdgvHK89QAs777,0
776,djeckelllj,fkxrAF02Ev,0
777,yconaghylk,pwxxUF59,0
778,lmcgeownll,clcnZZ32LTkTEU,0
779,wculleylm,zlzaHS45HO0Xk,0
780,dverrickln,knbkHK49LOLE6,0
781,rblaszczaklo,pqvaNL29nKeKe_,0
782,cguppielp,uypgCD41,0
783,kcalabrylq,yzjvKV04hrCXQ5,0
784,kadamovitchlr,ilfvSX08MOn4J,0
785,jveldls,rxuoFV530,0
786,dbattenlt,nxpaIE675,0
787,emartelu,roslMR75bB,0
788,seffnertlv,qneiUI87GCzX9kl,0
789,mginnetylw,rtntVE65,0
790,ysnowsilllx,tlwqXC68wDNzx7d,0
791,astillmanly,apeeAI05IjepYjF,0
792,bhumpherstonlz,whzoJT99uI2,0
793,eguerinm0,hiwpNY12F,0
794,cspillmanm1,najbMQ848Oo9C5,0
795,echerryholmem2,wvaaVT43RjF,0
796,mbumpasm3,jwqmCA72Kvak2NX0,0
797,tgrishakovm4,iyzpUZ20,0
798,sallomm5,kvdjKG92hVRR,0
799,jrubinowitschm6,affyER56la,0
800,lslackm7,fzwcoOA6923cffaH3Ff,0
801,amargarsonm8,KaheDHn,0
802,rcombenm9,onqzRH13ofa,0
803,bdankoma,uogfET38VVFVIyqw,0
804,sboothjarvismb,rxeeQS3570M,0
805,mewestacemc,peqbRW62,0
806,dbellinghammd,malsUU41C,0
807,pproppersme,weckYY76GdjkwR1S,0
808,vwardhaughmf,mergRM71UV,0
809,ghugnotmg,ujdiEL23mZ24gY,0
810,mballachmh,ouzjKE75pHv7,0
811,gdrinkelmi,mwqfIK47Pnr,0
812,sburgermj,jenhVS50g,0
813,harthymk,ooemJS16pJ079,0
814,nbuddenml,naemEX04l,0
815,smerringmm,fgkqKQ25FY,0
816,apennmn,kqohWB03eWN8ye,0
817,lderuggeromo,Je,0
818,fmcgreymp,qwlsZJ08Mj,0
819,bdebnammq,ghdtGZ93NZ,0
820,rkubicamr,qiakaVW58J6viqqkVq,0
821,wgrashams,xaeuJX91a,0
822,swillmermt,eobbLS86vmUjop,0
823,cmadiganmu,gzsaZE37uQaFjWp,0
824,sfransonimv,snlmGG96GidWI3Xq,0
825,mhurchmw,gzdtNO1245pc,0
826,dpetrovykhmx,acjuPM13UBjrA,0
827,gwoodsmy,facqNL76W1101FAo,0
828,lsuggittmz,tmnjRK39mtGc,0
829,nhouldinn0,gbtvYG27n,0
830,erabbattsn1,yimoFP34c7,0
831,jthickingn2,rkdvBI98,0
832,ejozefowiczn3,enwtMS91gSaf,0
833,agarratn4,bnvpLK91OIXY,0
834,cmorecombn5,jbfiOR44wzcS13xh,0
835,twalshn6,cdqgIS44t6UCsj,0
836,rorrn7,mrviWN27YfHPn,0
837,kharrigann8,bqusPG02PP,0
838,iquakleyn9,fdnvEZ58p,0
839,dvinauna,vlqvFS25Y,0
840,gadriaensnb,yjpmEZ54MWxW7u,0
841,abetjemannc,ibqzIE02dqFXyc_,0
842,nadshedend,tmjkGC38,0
843,elongfordne,rsunPN65rTsud,0
844,bsantoranf,rvszDJ68zyNf8W,0
845,alaceyng,rszfNV03HfUYmmrR,0
846,ebamberynh,guiiRP05I,0
847,irapinettni,txuqJS43pqRou9,0
848,rliveseynj,gturVK480O5Zv,0
849,dgerwoodnk,dD,0
850,tgratrixnl,qjnlRA16uIT,0
851,uclausiusnm,pfygEM24qaG,0
852,dmorlnn,JWo9,0
853,sroumierno,vtxgWS66mUe,0
854,gsafenp,wkepPZ18e,0
855,kwhitloenq,ailhFC073,0
856,mickovicznr,jhcqIR55U_,0
857,akuresns,wqmuNK18wQ3GXPkA,0
858,smacgillivrient,ckdjTO42X,0
859,mgasgarthnu,cesiBS70mO6q,0
860,istirlingnv,mppsEB71dSpJIbm5,0
861,alamberteschinw,krirPW48Qc,0
862,pbiggarnx,gknfJX73,0
863,epaulackny,lojeJC00qf55iF,0
864,omarkwicknz,cestEF08Mg,0
865,mallnatto0,yjhbXN48O,0
866,sdavidoveo1,mchnAN89ESC,0
867,wmataso2,iyxxLO93h9E,0
868,pgalgeyo3,ipmlTH54,0
869,hruppertzo4,fiteSP97ryh9i,0
870,ecolombo5,eafbIE97ssmEWq7,0
871,kferroneto6,rovuIK46kKK,0
872,mstokeso7,jobzOY32l5jQESq,0
873,gdockreyo8,locbHE21B,0
874,lalyokhino9,vttpIX98DuUj8B,0
875,rblackwayoa,dbbqCU57zwgk,0
876,corodaneob,ntkyRT32Ntsi,0
877,dgregolioc,mpujIG02ZVQEBMCu,0
878,sbeslierod,rqcfOI02QdJQf0A3,0
879,akeesoe,fxpwRU68ipv,0
880,kgonsalvoof,bzbnMG28Mc02,0
881,fisakowiczog,hcwmXR68qyT8,0
882,jlernihanoh,mEEqYE,0
883,nretchlessoi,pvzcXN85,0
884,stolertonoj,ggmlTN61WONU_,0
885,ipaulaok,bzkeSV42eTJHB,0
886,oflatleyol,npirOM20HnK,0
887,cgrundleom,xqpoCN078,0
888,mpiechnikon,fuzaZG75Lu,0
889,ysummerhayesoo,ijkdUM51VSM,0
890,fdallicoatop,yrsiME84kGWP,0
891,nmassingberdoq,hbbcVJ32z00,0
892,tdaynteror,zxlsJF6885E,0
893,ctrueos,lvgrOH32,0
894,gbolderoeot,gwhbLQ92CJ,0
895,cwarbysou,zeqhHS38CQR5u,0
896,afarrenov,vvsaJC75Yj,0
897,nofenerow,sdooEH20YE21i11b,0
898,cpetherickox,Uk,0
899,mcavyoy,tuyuGR84Js,0
900,abatheroz,bnazBH99c,0
901,adebankep0,tgfiQR62O1n2,0
902,tpickettp1,faraIT75pVbrs,0
903,fstennettp2,rnqnTO68,0
904,esimmonp3,lvbiDN37wfcBIL3,0
905,hpadberyp4,ssxaQO10iSlA7C89,0
906,tserlep5,muxfSG79Aht5y,0
907,afassetp6,ewqdQZ49,0
908,rvanbrugp7,srznNP298R3Sal4N,0
909,dgirhardp8,YlyLLuL,0
910,bvonhelmholtzp9,xctbXQ99I,0
911,gcallicottpa,qrsgOZ17,0
912,dpiotrpb,fqhfHV27RweYs,0
913,aettridgepc,acleFS68P,0
914,edickeypd,zljtUX64GYc,0
915,abortoluttipe,llxiJH56Yl,0
916,kishampf,iafuTY41ljb,0
917,dmanuelipg,oxwenQX097ooIa7Oo,0
918,aivashkinph,ydizSQ61vSb4z,0
919,ngarveypi,zsxgEB606,0
920,slithcowpj,uqfkJZ302heU5,0
921,rhaycraftpk,fzycRK28_,0
922,gspinneypl,trkeIE81sHF3,0
923,eiozefovichpm,epvhYC02O,0
924,cheadspn,aneaNQ87Bk,0
925,cbrozekpo,bxxgKC38tPv,0
926,dpeelepp,pofkPG486G,0
927,mpainpq,znwaMY54O,0
928,vmcgrealpr,pcjpCG72DiR,0
929,kpaschops,tuotIS88,0
930,hklimshukpt,A,0
931,asilmanpu,svtaRX35DywHTR,0
932,gcridlinpv,xyrxLR83taywb,0
933,mkikpw,tbqmEU5324I,0
934,gdoorlypx,oeelTS21s,0
935,lornelespy,gqbyCW28T,0
936,adoncasterpz,acpwHZ47WBPitNF,0
937,cmatelyunasq0,phsmDV79,0
938,dbristoq1,ukqjYK62T0w,0
939,fmacconneelyq2,3ptntOO40333,0
940,cklesseq3,ujmqOV54h,0
941,jbenechq4,keyyAX30afH,0
942,mmalkinsonq5,jfauKJ44KON2,0
943,laslieq6,zkiyBS28ZG5f21GK,0
944,enickolsq7,wghrDJ48iRLe3I,0
945,jstackbridgeq8,ajyuNT89tD8Fb,0
946,dshakespeareq9,vhvvLF03XGC,0
947,nfruchterqa,hsosIS79rsq,0
948,afoakesqb,ycldRZ08,0
949,wwinwardqc,hssiOI452M,0
950,asalvatoreqd,bbkgHF05_kc,0
951,hlabbaqe,fsapTK54N9,0
952,hhowleyqf,jnkvSP43zH8zZ6,0
953,wskoofqg,hhmhYP31Lo_,0
954,yclemontsqh,gzlwUX80a6,0
955,mgawthropqi,rnmuFU87Hk,0
956,cgilliattqj,3kgjaHQ35MqGDP_y333,0
957,bmalcolmqk,uwlsOK75UNd,0
958,bbraybrookeql,jvenNW00YdQJoA4z,0
959,rtownsendqm,wipuIR06NBnM1ckb,0
960,cbussonsqn,urcczXZ02V7uuXmPu,0
961,wgerrenqo,otusBK37xK9,0
962,ebonifaceqp,uoeoQT00LO7i,0
963,rloukesqq,ccxzXS77DN9Jxs,0
964,pfrayneqr,xtmkSR436DHiUQ,0
965,bkrauzeqs,cuviFM08i,0
966,iblaziqt,imwwwIO79Xpiii,0
967,lsobeyqu,tbiwUE558tlJQMzU,0
968,wdenersqv,zdnuXA52,0
969,lhavikqw,cpxmYH16AD6NTZOi,0
970,lloveringqx,hkvwIV73iu5bQi2,0
971,imartinotqy,ZI4u5,0
972,bperonqz,nhhjlEF82nngn,0
973,gbayler0,xkpzCB56vcRvzp2,0
974,asissonr1,ojnoUD08H,0
975,boquirkr2,oogpDU44DSNOL5,0
976,dsyerr3,IaqkaIU98YxIII,0
977,ltomsettr4,ndglUC81GTwA6g,0
978,cheaper5,sbkwWF283596D2fC,0
979,lbascombr6,eccmUZ41YYX2GGB8,0
980,gpoppingr7,wedwST00o,0
981,hmcpharlainr8,nodnPU27EFwq,0
982,bpleasancer9,fyzpNF03X,0
983,crichera,cfffZA79NIdQMUDE,0
984,bnorewoodrb,VxqchYT95LVVvYuVAV,0
985,kboshellrc,njscLB09pomcUE5,0
986,etaylersonrd,mzpnEV48GI3fgx,0
987,erenderre,fstgJC56NoynOj,0
988,hgrevesrf,gqrpHY50XQ,0
989,eboothrg,jfpcAI04hK,0
990,cmccullumrh,tcwhIF63J6Hsl6Ql,0
991,szorrori,giwaOW10lQ3pW,0
992,bpeskettrj,yyfvJA53hasovt,0
993,hdecourtneyrk,bwapZH190E,0
994,fsegerrl,mjoqXF40zQnUsn,0
995,jrosemanrm,retxIM87rCwatb_u,0
996,jpalkrn,whbjCY63,0
997,blonglandro,vqhlWT26rNXRuZ,0
998,atullrp,lbmoJZ59ppy4wY,0
999,cbenediktovichrq,rjotJL11nj70D,0
1000,imapotherrr,nqgbGL77ZDStrO,0
1001,gscathard0,eidbNU084Dx,1
1002,wcollingdon1,ioaxGT43aV,1
1003,tcamilletti2,xexfGX54Qd_8OBi,1
1004,nbiffen3,ogvuOO18vTeTNr,1
1005,bdysart4,quwsMO36,1
1006,pbragginton5,xuwnKG427rMSVWn,1
1007,jgommery6,R0,1
1008,eiwanicki7,gkohPV71S,1
1009,kolivari8,wnpjOR005Q2Evb3,1
1010,ckofax9,xekdHL13GQ,1
1011,lbettridgea,txuvFF34Ekz,1
1012,bbonifaziob,pzsoUM53Q4WOSeHn,1
1013,awestmancoatc,SfmmjHN19aSSES,1
1014,mchalonerd,igsrVJ73ZGvLgOfB,1
1015,cgarnsone,qkmbYD10cBfFUauw,1
1016,npinkneyf,vnvlFC13NL1FC,1
1017,gsaphing,ztmoDJ30VDGi,1
1018,pgilhouleyh,fjghUA78povnt8,1
1019,bgambrelli,jmhrMP17i5,1
1020,obainesj,orzeQE62uUR,1
1021,nriddlesk,brpwOT49uiCOV,1
1022,ggovernl,gngqAZ45LcfQ7Dx,1
1023,jespinozam,imqqRE30R,1
1024,cengelmannn,ltSyk,1
1025,gpalmbyo,cjyaLC49h0q,1
1026,aevemyp,wgvnAM88EmZh,1
1027,ccicchinelliq,yhggHY26H2BbmZw,1
1028,asparksr,bqtvBM79U,1
1029,gferrerss,egtaHF99t5,1
1030,dbogacet,wwarUW02n,1
1031,tstanderingu,vzbgNS03,1
1032,sburtenshawv,ksneKK61DlR,1
1033,falpinw,ersnJQ24w6Hr,1
1034,rbrandlix,hpuhEJ827EF,1
1035,joldreyy,cvbtKG76,1
1036,sabelovz,vpfaXR2791jq,1
1037,jvreiberg10,iookRI91BjRKF,1
1038,mfinker11,zswwCL16,1
1039,swelsh12,ojxkTX01LxdyW,1
1040,amckeurton13,falyBQ4884,1
1041,ctinker14,mgzkFG92FI,1
1042,apaling15,bekqEW95Et,1
1043,twillimot16,wfxdCO25RvzIzzj,1
1044,clegat17,paecZQ87X7BXT3,1
1045,mmacgeaney18,snezIC05Zyod,1
1046,rhollingby19,ohkhAD76moQ,1
1047,ghuyton1a,efhhPU07iQr2DJtE,1
1048,jpischoff1b,pzkaJV933zM2ns,1
1049,dblackney1c,xfxgXX39w4OpjAj,1
1050,cwapple1d,qewlPD82p5z,1
1051,bjanczyk1e,zhhtAF57CZ,1
1052,agudde1f,xgqfTP47C3EN4Zfu,1
1053,cmaxsted1g,vwxkTG72rZV6JHLr,1
1054,nhimsworth1h,dslkPS80_dWpo8e,1
1055,rferia1i,uzvjCL03,1
1056,enudd1j,fmvrUK31PPDXKN2_,1
1057,bsouthard1k,hmrbyKX238RC664hh0h,1
1058,lroz1l,xxquMW80hLlAi,1
1059,jwingate1m,fjihWR529_wV6RO,1
1060,gharbison1n,kvxaRT994c,1
1061,cpalfree1o,ttihVA27kJV9,1
1062,myekel1p,oeezYT851,1
1063,pbusher1q,mkolIM660aH,1
1064,bkildahl1r,drebXF46EmIm,1
1065,ekoppe1s,kggpTF31BHtNM1,1
1066,tgascard1t,hqnwUN40,1
1067,nshelp1u,S,1
1068,crigler1v,gsxoPW71Wne0v,1
1069,gluca1w,frrnTR58aw,1
1070,rowers1x,gzwwME966Tfb6ASi,1
1071,npincked1y,slorRA64dt_ch,1
1072,gstarie1z,swmkST29PB2XU4V,1
1073,bgrogan20,aadqZM690LOLkV,1
1074,cextence21,zycdLA27A,1
1075,gcoudray22,qjjvDB70G,1
1076,tpauletti23,pbmuOX82fuq,1
1077,kloffhead24,fjqpLO59,1
1078,zalmey25,digkHT02Wh,1
1079,gpinchback26,ljdhDH49,1
1080,oitzcovich27,wmqfYA12w7GN9DD,1
1081,esealy28,wferKE24,1
1082,abisson29,eyxmYZ972s,1
1083,sapplegate2a,odmvLW89,1
1084,rdando2b,knqjVE85t,1
1085,ppetley2c,tucdNY388,1
1086,ealldre2d,WxampIM664BM4WWJWW,1
1087,gitzcovich2e,wzfkTX76r53Wb4VP,1
1088,rsarfatti2f,phgoWV36,1
1089,cespasa2g,tgdvWB95Lk,1
1090,pgaytor2h,3PaOJ,1
1091,bbattlestone2i,lelfGL26G1,1
1092,astirton2j,VNfff,1
1093,ctuerena2k,owrpUB33Na0r,1
1094,theminsley2l,ybjyFK10v0U,1
1095,gnorres2m,clkyTA13vfrVCk,1
1096,nfawke2n,ammqAN15luajD0yd,1
1097,bmingaye2o,pyxcKY46y,1
1098,bmelwall2p,qronQH36Zfjfx,1
1099,askyme2q,bt6,1
1100,cwyper2r,zzucLA942kwvngB1,1
1101,tegleofgermany2s,ymagMY52wY,1
1102,ldeniset2t,phhaUF09j4awXx,1
1103,feberz2u,fydeNF21ZsyROIo,1
1104,kbough2v,hqmkHS65yFpPx9L3,1
1105,mlegassick2w,hnprUS76Nks,1
1106,lgreatrex2x,xhhgIY88sr,1
1107,sroo2y,zsaiBV14ai,1
1108,mpolet2z,bghrPK46,1
1109,smannakee30,eqfuKH65A,1
1110,jlabden31,xlmnCT874,1
1111,vpantin32,zinmOR25py,1
1112,ncordingly33,mcmqMH45c,1
1113,kjelfs34,pflzYM37V6d_fbV,1
1114,rcutajar35,oxsjHG69bNn,1
1115,jgaddie36,wfzsYW65Lar,1
1116,pgabbot37,cnfrHR13KY,1
1117,smacgiollapheadair38,uvyrVY48,1
1118,mmockford39,vpuwOC30VjTnpEy,1
1119,lzoanetti3a,zhvvGR85lfcvSrN,1
1120,zbowland3b,hiupGQ86G8h,1
1121,lbaltrushaitis3c,qxczIB45B4o,1
1122,csmedmoor3d,QybgeHD18Tv6MQQ82CQ,1
1123,ckentish3e,kkfpMR88n,1
1124,sweed3f,wvqmTC84J41,1
1125,wskett3g,wyolDM778o2e_xKT,1
1126,iharkess3h,shyiWS16dLlbn9mo,1
1127,jjones3i,dvfcMS5245K,1
1128,mcrabb3j,vvbcDF36SNx,1
1129,cgaitung3k,eujxHB39L3fES,1
1130,amcmeekin3l,rnxwOI41Gc_z2jf,1
1131,odiggar3m,qguvEG56qPuX,1
1132,charome3n,xbqbBA39qE,1
1133,tpeltz3o,pkmpFF76xx,1
1134,aramelet3p,hmgeYS56qsNRy,1
1135,bhayball3q,limeDE21b770,1
1136,pkopisch3r,ulihJV79,1
1137,igarnham3s,rlycTD27MEfmXT8,1
1138,lbraban3t,amvyPH73j,1
1139,gpirnie3u,J,1
1140,dshowalter3v,xfdbEQ29H,1
1141,bfumagallo3w,qtjyCZ25Txh,1
1142,tesland3x,lgowBG46zzelL,1
1143,eweigh3y,cebdMR51YK,1
1144,mlowbridge3z,fdpxHS9940zA,1
1145,kkennelly40,pnfjSD76qKa3u,1
1146,bbon41,mvmsUX61raUigly6,1
1147,arichardes42,agqeCQ74eh90iAA2,1
1148,ecorran43,vvblEI43OV,1
1149,shaile44,xpxbDZ84a,1
1150,tditts45,egkdXJ907Rrsyz,1
1151,dwilleman46,fbwoDE88TCfb,1
1152,pheine47,zinoRT75e6xRKvU,1
1153,emccrossan48,gvykGC06K9co,1
1154,sdahl49,uzqgUO94lQuB,1
1155,drackley4a,qnaeVZ64aBz,1
1156,lchaff4b,newuHX82kFnB,1
1157,dcumberbatch4c,xplsWH089YcmK,1
1158,acheese4d,ekpsCF6999usiG,1
1159,pstack4e,nfudKZ35AFDKoa,1
1160,hpampling4f,eccnQE21c,1
1161,kheld4g,ybgaHC70tvjNRHg,1
1162,ahugill4h,psjjED12CSZc0ed,1
1163,sleehane4i,temiIN76lRNZ5,1
1164,odring4j,xvtmIK61I,1
1165,dpearsall4k,ycrfUV36Jjlr,1
1166,lknapper4l,oorkIK777Job5o,1
1167,gfeechan4m,njhnNA51_bEU,1
1168,adaldan4n,aqvtPA62V15y,1
1169,ccurgenuer4o,uzecEV14rs0,1
1170,kpincked4p,nsqzPI86Sz8O7o,1
1171,wwalkowski4q,ufokZF19w,1
1172,kmccracken4r,fhmuWM91Kt8x,1
1173,jodhams4s,wrwsER75pXeRJC,1
1174,srosenbaum4t,kvcxAC83Uh,1
1175,hrenn4u,jlxxRD53oKS6AW,1
1176,pbenduhn4v,jvbrPR11XE50uK0,1
1177,kmeads4w,bsbrBU01YS,1
1178,pgraine4x,hrcdKN20,1
1179,hkalewe4y,nkcaXL943yyFNC4i,1
1180,gbartolini4z,ighpnZX26iiDaL2kmEi,1
1181,ljandera50,dacwNU39LUvR,1
1182,htirte51,xvykQH17PgRlW,1
1183,gassel52,vhztZS21dXYL,1
1184,spodbury53,cmwgFT77FjafvKC,1
1185,vcorcut54,vpvlCA852,1
1186,rtunmore55,kkmdLJ26,1
1187,rkenny56,xzmrVI8682C75b,1
1188,pjentle57,paaxUB43Sp,1
1189,ltellenbrok58,nailZU99Dc,1
1190,nfrancke59,plzuSZ54ACmO,1
1191,ecarnock5a,mdumLT40,1
1192,bworthing5b,wilzKB25SnhBux,1
1193,dweadick5c,ynevVH44_SvHdf3y,1
1194,cwinsper5d,tqumIK46oeoV,1
1195,dbaseggio5e,qkucHL69E4Pv,1
1196,tdennington5f,hxtzBA53hqNi3l,1
1197,celgood5g,tiybBQ85Nsw4BwY6,1
1198,wstickland5h,rsfyZE60SVFlSS4x,1
1199,bstitson5i,QdxrfMJ65QQ_WHzIFQ,1
1200,ofinder5j,wgmwUH17,1
1201,twylam5k,pbbmYH980yPdJ,1
1202,hollander5l,pkmeXN10bs,1
1203,cfitchew5m,jyowTA62R2HS,1
1204,rdummett5n,weenVB48XRrpo_RW,1
1205,loakey5o,elpdUF48mlbA2Lo,1
1206,pwaylett5p,pvsxTA16c5ru0x,1
1207,fblackaby5q,wzfpRM70,1
1208,ccray5r,tqfbLA85,1
1209,mgehringer5s,jljqPT62tt,1
1210,ddahlen5t,gopjVJ16Mnhi_9v,1
1211,ggiorio5u,daldJU39L1aCV2Dv,1
1212,bmaccrann5v,wkanFV46XXk,1
1213,ounderwood5w,z,1
1214,bexrol5x,eevbFR14BUgMJB1,1
1215,eblasio5y,knacQI60OIUUU,1
1216,bdirocca5z,kgcswWE91Sjkktk,1
1217,nwrefford60,ueriVS211fSs,1
1218,chawkeswood61,boixOY8587Kyq,1
1219,csymons62,cjukQX67goDSL,1
1220,ggalle63,jqtoKP22sUTg2KS,1
1221,kgonoude64,rxlbAF286Ij9F,1
1222,gbotfield65,wbzuHV877UYy_Bj,1
1223,vdunbobin66,vkeiFU139jE,1
1224,cdegogay67,bzzyCT68Hkkv9a,1
1225,miredale68,qrksEX85gBmGL,1
1226,wtickle69,quuhPV81xqpzvZe,1
1227,ebastow6a,BgsqoZQ73dBBzB,1
1228,dohrtmann6b,amjoCN73,1
1229,esafhill6c,Mc0G,1
1230,mwegner6d,hskuOY17Tj,1
1231,zgreetham6e,qiniNJ96x,1
1232,lenderson6f,owqrIF89dx,1
1233,adwyr6g,ebngWP027uEBC,1
1234,rstollhofer6h,pxxkYN97t,1
1235,tdamerell6i,wjwiKK26sGjDS,1
1236,cattard6j,ipyrRH120Z,1
1237,cdominichetti6k,ajjlPL44DKYrl,1
1238,twadge6l,k,1
1239,delcoux6m,H,1
1240,bmcentegart6n,tzktCH27dJ8563I_,1
1241,ocalender6o,lwuqCJ06f,1
1242,adrakes6p,lspwUP84F_,1
1243,bdoohey6q,jrbjCH740yqx2,1
1244,bbrownsey6r,utfmRW95,1
1245,mjellyman6s,rdztNN25,1
1246,tburgess6t,yxteGF34dd1Xct,1
1247,lmurrock6u,lougFQ91txgL3,1
1248,mjiran6v,ofxoEW64AzSps,1
1249,rcurgenuer6w,EcnglTP64X3EE52QE,1
1250,cstaite6x,yggsLN23,1
1251,hbrok6y,ypjxFU34,1
1252,esimonutti6z,locoTO38X,1
1253,vcass70,thfsME62E98E_ktZ,1
1254,nolone71,qskiYS12SdRa,1
1255,npeaurt72,jlaiPC44QiN,1
1256,lperrinchief73,bzscXS549,1
1257,wdargan74,zfzuFR24,1
1258,cangel75,dtndYL37,1
1259,dpresman76,qbzwQW91Ty,1
1260,mbalnaves77,illuKZ37nx4BMb5,1
1261,pkainz78,cpzmMJ86s3M,1
1262,bcreane79,dcdtXG77kaKKmxM0,1
1263,hwhiting7a,nrfcLK45dK2v,1
1264,lfrascone7b,gwsyOE55hSJ,1
1265,beffaunt7c,kxciQG07B1,1
1266,sconrard7d,jzvjBJ58hRhJgCC,1
1267,rtraill7e,ynjkKD45mP,1
1268,adavidek7f,ewrbTY30M9VI6,1
1269,asnel7g,youdMT98,1
1270,wvandermerwe7h,mmjjXU58vsej0eE,1
1271,spassman7i,ziwgGG715rF3,1
1272,amacknockiter7j,mdseFK96sPFegw7,1
1273,ubattill7k,slkwNB50,1
1274,lcapstake7l,qpinEL8582,1
1275,hgerrelts7m,afpkZN86JtAYkGk,1
1276,aphilipson7n,dxbzHB38FBd4NJIV,1
1277,lwolseley7o,aeblML70_La5yMh,1
1278,jalejandre7p,bdwhSD36smEXepG,1
1279,sbarnewall7q,bfokYC07h,1
1280,edagostini7r,fnvxKH81X5__rLq4,1
1281,fpyburn7s,encnZQ69_,1
1282,bdougher7t,bdqyCA50m,1
1283,aeverill7u,goksTA01rMWmlmr,1
1284,mlampke7v,uvkfFQ58xSrRly,1
1285,jkay7w,jlmcYK56Q,1
1286,dbrandham7x,bmmcBR81,1
1287,kdantonio7y,ouytAG13m,1
1288,chanks7z,ljafNL36Xx,1
1289,gsmithe80,xfbsNR62w28BcYw,1
1290,awitton81,jbwwPW01sMh2Y,1
1291,ddowdam82,iyidGL62pPUD1Tt0,1
1292,nquare83,esjkqZU30FeenO_S4ye,1
1293,hgelderd84,fervYE95j,1
1294,cmccarry85,willXH82,1
1295,viiannoni86,wadfYO51Gz,1
1296,kpostgate87,lhluXT25Mh9zX,1
1297,gcrawley88,ctdnHH74Y,1
1298,hagates89,vhmuIW76_,1
1299,hbrachell8a,mjxjRC23r,1
1300,iworrill8b,zdjvQQ26q3sx,1
1301,cferretti8c,kfexHA135D,1
1302,lrheaume8d,youbYR87tHFbwN0Z,1
1303,sbreeder8e,pwqpQP35kDdIH,1
1304,jjagg8f,goNO,1
1305,yduiguid8g,wvqyGN58Q3B,1
1306,ljirousek8h,uojhMY73w,1
1307,nbradnum8i,tmowCW086zaXiB,1
1308,bharron8j,zrxcCL40sr,1
1309,ftolle8k,ymicDF13,1
1310,dbront8l,istyVG99T,1
1311,fwhye8m,dtegEF43Tq,1
1312,htuminelli8n,exxkYO95mC,1
1313,hmacchaell8o,fczrLV74Jph,1
1314,kmears8p,mfjfAH52f,1
1315,repps8q,sjijFB071Mi,1
1316,akeppin8r,plckGE71,1
1317,ltonkes8s,zxkgTR24,1
1318,jkrolak8t,wpqsYD01eCnB,1
1319,rkinnett8u,ecjxSP02LxTkF,1
1320,mgreenier8v,jcnuAR324I,1
1321,cnial8w,wpptWH57gPWff,1
1322,mthomen8x,tkaaCU11,1
1323,ebesnard8y,lasuYR95p2AL,1
1324,kgillibrand8z,cltpFD93l7X,1
1325,pgrievson90,akwpUT221,1
1326,hormonde91,rwynVR57UsBS,1
1327,mdebill92,yaheIK34Lf,1
1328,abayfield93,aevrST07q,1
1329,cgoodbarne94,mcthZP091QK5LH,1
1330,rgiacoppo95,lpkjYD38,1
1331,cshervil96,lubaUI9650ENDs2,1
1332,iioan97,UwilvDD45tUUU,1
1333,flivett98,sbvajOY95Sqfqsss,1
1334,mparman99,omuqAI94t13,1
1335,ahernik9a,qlpaPZ27W,1
1336,egrouvel9b,fxynRZ355fCG,1
1337,klegrice9c,ccwaZA93,1
1338,oramelet9d,fiimRD76y,1
1339,nbarrott9e,sxzkWX35aSoc,1
1340,agergely9f,bidaBV346BI,1
1341,ainglis9g,uigfCV64YzUNUEH,1
1342,rjayme9h,imqiVP54xpL,1
1343,ffieldstone9i,yksfDT25TO3Pu7o,1
1344,hzold9j,joepLI54EDucR,1
1345,fdibdale9k,rwckUO78qGEHkqTZ,1
1346,gwindus9l,hyhjTL18wGGqr,1
1347,sbrogini9m,wkhwVI56F3Sj,1
1348,gjephcote9n,wi8,1
1349,jskentelbury9o,ikxyEE32syi_ik,1
1350,rtippell9p,pevyDG589yNh,1
1351,kgable9q,cmkkHZ3827KLW,1
1352,mnossent9r,ovtjTD89wjJ8GUk,1
1353,jdulany9s,nmtrXW89vBT_u_,1
1354,bdockreay9t,rlceGN67,1
1355,asail9u,ftsiYS22KLxIV11,1
1356,ldriussi9v,siyeUK98yp,1
1357,acrauford9w,utdzQA68oFh,1
1358,dlarsen9x,gxqiJO16uBTOw,1
1359,pscriver9y,qobnZU06feo8e,1
1360,dknapton9z,mcqaCU77qP,1
1361,streagusa0,omzxIT24Mkn6s_,1
1362,mpaulettoa1,clbjUF98fXGr_18,1
1363,jhoulta2,xjjxOU07wVcGy,1
1364,iwylemana3,gsbgBC64uq,1
1365,gvassmana4,xvopHZ220a,1
1366,kgreenroda5,lfvhSL80,1
1367,tgorkea6,ebgeLJ92,1
1368,laugusta7,II0V8sI,1
1369,mlockharta8,chteCW39LMZpFvDT,1
1370,iclayfielda9,rrxzVO39sgvqxoFW,1
1371,yrominovaa,xqppXD24,1
1372,ahitchamab,cjdpQZ63aL,1
1373,ibanfordac,vufvOC13H,1
1374,mtortoisead,wiahWT721nU0,1
1375,tlathleiffae,nzqaDW97elU,1
1376,lsproulaf,bxarZG762C,1
1377,sgluyusag,rwcrAA2078G,1
1378,blunaah,7wN2M,1
1379,chubaneai,nrjnMR97vWsG,1
1380,nsighardaj,qsdyHS97e7mfcq,1
1381,zzapataak,xkihUU61yWrRl,1
1382,kbengtsonal,ftxcMN61DLm,1
1383,ccawthryam,htbdFV57,1
1384,gbautistean,txswZS15osHk,1
1385,dbrignallao,dnxmAZ00EHzP,1
1386,epaliaap,clqmVO68yNi0,1
1387,djardineaq,krntWE15qykwWDR,1
1388,dpechanar,diyuAC44x,1
1389,abulleneas,rqzrOK90Nr,1
1390,lwadlyat,kgiyZH75WEo,1
1391,erookau,dwwhEU11Zk5h,1
1392,cmorffewav,ggptLW229dGo,1
1393,nmelvinaw,pfysPT31SEYZJ4kA,1
1394,joxtobyax,wtiwSY508,1
1395,vjarrolday,klxcXX34fgN9,1
1396,radrianiaz,cjifRH27Hi4,1
1397,edolmanb0,jjxeIU84,1
1398,hkornilovb1,bkjpQA87,1
1399,eaizikowitzb2,ytfhTZ07wCQEL,1
1400,bpozerb3,ymiaGB87NoX,1
1401,dtryhornb4,mxjbZR20UHUnQI9,1
1402,ctrazzib5,DtzohXZ24DDHc2Pf9D,1
1403,kshadfourthb6,irblFS025QR51lDs,1
1404,lcestardb7,myiaTZ39pl8cKf,1
1405,hmantrupb8,vidyYK82bqt,1
1406,nonslowb9,ioayMN124fa,1
1407,llallyba,stazNI42JXr,1
1408,lalawaybb,xkvnpYO469xxxWx,1
1409,vbrittenbc,obezEK77zmC,1
1410,htomadonibd,qqeqNG14hXS,1
1411,tcoonbe,pnvaMI211srmqk2,1
1412,ntownbybf,ntjlGO36o7,1
1413,jsporgeonbg,yzrmYU07Ivbye,1
1414,akroonbh,swvzEY265,1
1415,dlafflingbi,sgctBT54q9SjdxLA,1
1416,ghardstaffbj,zgbkJP77kWstj,1
1417,ltidboldbk,vgflKV10Na_S,1
1418,tklugmanbl,BjswoCS15OBBtB,1
1419,vdrakebm,M8dP,1
1420,gpuddinbn,caqcLS41a1h5,1
1421,nstilemanbo,sualLA879kfPMW,1
1422,tdutnallbp,qdroDM21ryb,1
1423,mferbybq,aogpTR98AZXh2Rw,1
1424,sburrellsbr,ilzaGJ67EvLF_c53,1
1425,tfrarybs,bldzPT41rauz,1
1426,rwhitcombebt,cuyoWR18seTu,1
1427,lbresnerbu,rymiVA890HJz3e,1
1428,bdepperbv,cdovCY06L47ohA,1
1429,bgristbw,zfxnJW565XkC0FlF,1
1430,dkohrsbx,mzuyNK91j5_,1
1431,cantognazziby,zowuGR22Pxu2,1
1432,cgreetlandbz,bqhvNW92jEw3Hz10,1
1433,clawdhamc0,hepkWM44IWh2,1
1434,lyoudellc1,hkdbTP950t,1
1435,htodeoc2,bwjdTB24,1
1436,wdilsc3,vifbNE78z9,1
1437,dgingellc4,xaipZU35V9jfZ0dQ,1
1438,mstirlandc5,gvhkYH21L,1
1439,bcroomec6,rcymXI91LliK7J3,1
1440,sfuzzensc7,mwtkTV68pX4kU17,1
1441,ysaiensc8,zzvnVH34z4NXM8,1
1442,lcolthurstc9,ozwxIV73m3,1
1443,ydurrettca,jdrbZO04U8B,1
1444,wpetitcb,cemwHQ20bUK,1
1445,rsterrecc,inibVE71R7SLmed,1
1446,oselbornecd,ziusAY88M7_KuP,1
1447,asuccamorece,8barsQX56WgJ88bEIM8,1
1448,ibathamcf,dzrdTZ62q9UURb,1
1449,sdinningcg,lexwBX75NW781iK,1
1450,amorforthch,cuuiXB08HX446,1
1451,clebarreeci,pawmGN46_,1
1452,tmannevillecj,zpvvIQ69IZtOf,1
1453,fcousansck,rqrnZM82aXL,1
1454,vruppertcl,uxnnKG43NrSccQ,1
1455,ddevonishcm,yjnlVY72bm,1
1456,dskenecn,rcxiVW127xjv,1
1457,bhaberjamco,covwQW84tb8,1
1458,cmacgillecp,glxyBU28Xnyq,1
1459,oleaveycq,fuiwCV75x5cdsfZ2,1
1460,ishafecr,zpylRR94,1
1461,dweedcs,gczyZO1115cHA,1
1462,hslightct,pluxZZ45s5,1
1463,jantcliffcu,iqltOI19f,1
1464,jpoppycv,GX8,1
1465,bwathencw,uzbnJQ06,1
1466,ctrainercx,ujnbCG90DwAiR5xp,1
1467,lparnhamcy,rcsyLZ64mzEu,1
1468,achatfieldcz,dlowWU71mRfY5,1
1469,acritzend0,fsknXG22SjMgU,1
1470,gheseyd1,bdweKN37okK,1
1471,mlockerd2,smlfLP38yzGrCdw3,1
1472,ctesoed3,pqslGM46FYmn7W,1
1473,jstaubynd4,dmevBT83_7LaV79,1
1474,dpantingd5,rjkzBY27LHRek,1
1475,volandad6,koerZL14oreagfz,1
1476,ccarsond7,hcdlGE93YRpa,1
1477,rcarraned8,diegJF55R_,1
1478,cfilchakovd9,bnnuJB68kU8JAwQq,1
1479,schamneyda,xuzzIM97,1
1480,sperrymandb,cfhhGI29f0X,1
1481,jcustarddc,qoitOG35I1xIZBQr,1
1482,tnicollsdd,dtmaKS62D93,1
1483,drowlingde,iklyEJ05tktNlZzw,1
1484,msisselotdf,plkeVL629nB,1
1485,ileethamdg,ggvfKI78,1
1486,zsloyandh,bclfWC95t,1
1487,klerohandi,nodmYF49J,1
1488,lstrewthersdj,kmcsWH371deluS,1
1489,sthoumassondk,exvjCJ77x,1
1490,shattondl,mlicPR94f_lnG9,1
1491,lbaughendm,u_3,1
1492,scrasforddn,kghdKQ68bOJaFz,1
1493,schazettedo,gkahRZ65Jpy8,1
1494,bgrumbridgedp,smwuVX489ei1o9d,1
1495,sverduindq,5N,1
1496,emattysdr,kjreKS018,1
1497,ishelperds,dlnwIZ47lSoGW,1
1498,crobshawdt,uhxsSH3234DQ6V,1
1499,fgrzesiakdu,ezwyQG27DkArbZBU,1
1500,fansticedv,niswGU88e,1
1501,fdecourcydw,be,1
1502,bkeynesdx,thlaVS43_P,1
1503,atomasiandy,msgzIX16JC,1
1504,cdawksdz,qrgcRT26vJo,1
1505,nlejeunee0,ocfcIJ72d,1
1506,jgridleye1,zwlfQI59Oh1V,1
1507,lhaguee2,xxdsPN868N0w7cw6,1
1508,ofrostdicke3,dtfgYU65rJ03,1
1509,ljennoe4,paaaDI54ov4JgdES,1
1510,agartsydee5,zipgAB69,1
1511,sclaye6,aemqTZ60pne,1
1512,mtupiee7,yakzCK32v,1
1513,mbouzane8,A,1
1514,ehymase9,cjnxQR40LE5_uZ,1
1515,ncoldbreathea,iagjMG63FqHsd9b,1
1516,uyglesiaeb,ltjmLH41qfA,1
1517,acleynmanec,jiznPE58M,1
1518,mbellchambered,ragcIK03oERNG,1
1519,hbellshamee,vayrZG01,1
1520,fpellef,yiyzTF241,1
1521,cdulyeg,clefPR22,1
1522,ocansdilleh,hhfpKJ08OWyuH1iD,1
1523,mverbekeei,dmqkXM56s,1
1524,ffostersmithej,eicgFU01RxK7,1
1525,cbendixek,sqwyQM00YGjDS,1
1526,pwifeel,raayUZ77O,1
1527,hcarltonem,etqtFC20ZM,1
1528,bflooden,njxjUM574HBcMhJ,1
1529,jterzoeo,jatzLK68lk,1
1530,jdobbsep,nfpnQC67C9dc,1
1531,tgowareq,kxwoXZ74UR,1
1532,mcroysdaleer,dcjxFU02U,1
1533,apridmorees,DmIG,1
1534,mcuerdallet,0,1
1535,nlutoneu,dcfkXD36jU,1
1536,ldillandev,jqkeLA82hJ,1
1537,garonovichew,uyjzVW84Q7,1
1538,ccroxfordex,jpbwZU589iUaCnsb,1
1539,rlateyey,craoOI67FYVik,1
1540,gbimsonez,fioeMY96,1
1541,bknottf0,xgmguTD66tnhkw5oxxx,1
1542,rkalaherf1,nqweNN29b_lp4s,1
1543,cscourgief2,krlpCD27,1
1544,kstannislawskif3,adnvTW036JqI,1
1545,hlongstreethf4,ofowUH65Mt,1
1546,eliberof5,flsxEN148F7VS1q3,1
1547,hjedrzejkiewiczf6,wkhiGM17,1
1548,nravelusf7,nrjpWC95Y2U,1
1549,bverdonf8,gifzIU36uNC,1
1550,myeowellf9,MbztpKB15MMM0EL7M,1
1551,dbrandassifa,raemMD05,1
1552,jcroftfb,ylxjII67GPeGzR,1
1553,dturbatfc,p6,1
1554,skmicickifd,pdikSD93wGKAQ2t,1
1555,dmingofe,hotaUC15tilMLr,1
1556,mstreetff,fkocZE69u,1
1557,jnowerfg,etzeCC68SYMaP79,1
1558,gwiggingtonfh,ovdvRQ80_mig4Z,1
1559,sbrugemannfi,djpmUG68,1
1560,sgrizardfj,syefRL95jBHG3,1
1561,bvossingfk,fmhjKE65,1
1562,afrankenfl,uvzaMT66rPy,1
1563,opennuzzifm,l,1
1564,adevanyfn,pekoYH93dcJDqHP,1
1565,gstodhartfo,sypwYJ58juqL,1
1566,ffadianfp,azsvFO85hC,1
1567,ctatemfq,cepuMX54d2Ed,1
1568,cdrowsfieldfr,trryJE193wpPjPDF,1
1569,cblagburnfs,qhrgHR17gmg31ZEm,1
1570,kbellhouseft,hpnfUP78fbprZh4g,1
1571,sstainfieldfu,cipkYX36QyOW73,1
1572,bstairfv,cupfSC78j,1
1573,tscarsbrookefw,xmkqIF5301,1
1574,gmennearfx,rpxeKI16n6i,1
1575,jkolyaginfy,myvaTT72XBkwwWzA,1
1576,lthayfz,cklnSY185IysY,1
1577,ltibaltg0,aijdBI86j,1
1578,mrapinettg1,I2,1
1579,wpolyeg2,gkioWO03Jb2axJLF,1
1580,cweatheyg3,jahzEV07aGi,1
1581,nleedsg4,lutaYL85g,1
1582,rtrenbeyg5,yomhTY970mY4_Z,1
1583,dcondliffeg6,dhcfKS73Wk5,1
1584,tknowldeng7,bwskIX32,1
1585,ntiltg8,yelcVM14zGXEU4IH,1
1586,abardwellg9,nrgePR22,1
1587,oskittrellga,kddsXU89vC,1
1588,alidstonegb,fdkmQM16qDiw,1
1589,tseymourgc,xfqbDF04,1
1590,bgeekiegd,kwsmVU38oHiold,1
1591,csenechaultge,eruvKL79N_IAOO,1
1592,lcoursgf,lsrkTR173zb,1
1593,ealwellgg,edzmSY45jSK10GU,1
1594,cprandingh,zchdPT59KOvb6UX0,1
1595,dcridlangi,xiunNZ80Sd,1
1596,cantoniatgj,sutdvKN78ssiYzxYs,1
1597,seliotgk,zmssNH71ty,1
1598,smoisergl,A7,1
1599,agiggsgm,qybcES30DfmsAm,1
1600,gwillimottgn,vfdlNJ53p68mErE,1
1601,wbrydiego,leveGM08Kpa5v,1
1602,nhinckesgp,cebePM77S3QH,1
1603,rveljesgq,myeiOP25mG,1
1604,mcronegr,lukoHP16YfJ,1
1605,sknotongs,xdpxZK01bA9OMrPt,1
1606,hsarchwellgt,krcrLT41E,1
1607,ccamousgu,zvmiQH01hS6,1
1608,xkenforthgv,dodnSG15lNNRKUHz,1
1609,adelahayegw,ukomHH867X41k7V,1
1610,fbendegx,vhxzEB32X6A,1
1611,rpicktongy,hjqzKI21Z,1
1612,cgeorgigz,pwykzOA87XoNQtppp,1
1613,mberthomierh0,whruXY90Zd_a48Tg,1
1614,gbaroschh1,Kus,1
1615,cskirvinh2,qdllNH99Ti3,1
1616,abuckhamh3,kzfhSD41Q0j,1
1617,janglishh4,fduxND10XZAt8,1
1618,erichterh5,larlCJ25vF,1
1619,bschimmangh6,ydsdRA75,1
1620,kcaddiesh7,uaywVG87JsN,1
1621,pgimbletth8,pedhZX78s7TL,1
1622,mruckhardh9,bjatQF19tlnn3F,1
1623,gskuleha,ttcbXE56,1
1624,rtinkhamhb,qqluQR45wfRDa,1
1625,gguyhc,dxfcVV435,1
1626,fbrydiehd,thjvNT61,1
1627,rblazebyhe,pmsjXD10qS,1
1628,rlahertyhf,ulwvTS397K9kBpr,1
1629,mdowlinghg,ubgkFO24Pg_1,1
1630,hdeyhh,qlbbAQ30vndc,1
1631,dwallsamhi,l3K,1
1632,jfeakinshj,kyhuEJ68Q,1
1633,zchesshk,xonhDG95oWL1JK,1
1634,csuarthl,cxdhDG27bvXc,1
1635,sleasorhm,mbfmNV280qIl,1
1636,agooseyhn,sulpYW64,1
1637,chazelgreaveho,minvVQ42GFo,1
1638,gartzhp,dlbcKN73X,1
1639,tmordecaihq,fkmtMF06efIZ4j,1
1640,oasplinhr,bygfhYU52vbbb,1
1641,khaywardhs,nugdUN5574Gx,1
1642,bahrenht,kmsnDE36Fw,1
1643,gocarrolhu,jyhdVG648scz,1
1644,khellenshv,nltaNU12aM6glN3q,1
1645,bkleeweinhw,gcejTM92OjfhU,1
1646,cmcneishhx,otrlRO378_Jz,1
1647,nmateevhy,drlhQE54v2,1
1648,agaunthz,einvCG34PUNX,1
1649,bcastilloui0,frrtHL96,1
1650,kdaviddii1,pxnmNL41VMwKQeLt,1
1651,clindmarki2,aqlvLV99dvZwrkpz,1
1652,briggsi3,M,1
1653,doliveti4,nncgOO660,1
1654,mrowesbyi5,xuqmXD02d3cvs,1
1655,gjosselsohni6,xwqcTI18,1
1656,ppigneyi7,qjqiOB16g6u3Eg,1
1657,dniseni8,dyhoZI34,1
1658,glunai9,ouqiRE00,1
1659,dwhitechurchia,fgxyXR88Aa,1
1660,nanscottib,oobpKP83G1,1
1661,gdiwellic,ldmcDZ26ZDW,1
1662,mdurwardid,fnesKD06E,1
1663,mcaldeiroie,Gg,1
1664,mfrondtif,ziaeKZ645z,1
1665,sdemicoliig,zueeBZ34QY,1
1666,ashoryih,awphOV820r,1
1667,hkrysiakii,rhgbYF09,1
1668,cgraylingij,jwlbFG78Rbl,1
1669,spippingik,ihpaCV64kJzre,1
1670,afurlongil,xpohAG55qthk,1
1671,onewlandsim,degePD65pBbM,1
1672,khatherleyin,xostQH00t1X,1
1673,adicksonio,gkmeRN86Pu,1
1674,kkitchinerip,gobkCF77I6,1
1675,mdodsleyiq,xxeyXR38z,1
1676,lbrandacciir,ciweUX44nK3h9Tt,1
1677,jpatronis,mkpuLO77w5NBMk,1
1678,fpervewit,ouolCX23,1
1679,jbreytiu,caibXM91P_J1M6L,1
1680,aluciaiv,wxhbLY52HCoYVhEA,1
1681,bspyvyeiw,xhmxWG51WiF2U,1
1682,etubbleix,ZqdzoLQ32ZEZZ1ZZZ,1
1683,gstuddertiy,hpjiVL59y,1
1684,avarraniz,bzizGG14o4AVgmuk,1
1685,grudsdalej0,ZS,1
1686,ccuxonj1,ttgyAP73ODsmg,1
1687,rmcfadzeanj2,jyykTO17fcjWzE,1
1688,srushej3,xjttPM88LZhufH,1
1689,eanniesj4,xumnBY51gl,1
1690,gphlippij5,6hodrHz,1
1691,dfronczakj6,antoGC68,1
1692,rchellingworthj7,jwroZT81AuNLJVv,1
1693,aantushevj8,izgrRO43Drbu2US,1
1694,ehulsej9,ddwoCJ52Kztnh1yB,1
1695,gmacroryja,nuybPO99XI,1
1696,amenghijb,wmkxZP45V01Be,1
1697,dchatenetjc,lmjkKX69HDVM,1
1698,asimeonsjd,8jatwZC61887sN8,1
1699,emuscatje,oyzfLV51jfD,1
1700,emulqueenjf,zftaLG935,1
1701,tsapwelljg,seavYL18U,1
1702,ltoppjh,cikkOX753PaFuUK,1
1703,ecavieji,wwfwRD00YfI,1
1704,acarlosjj,ccwtGD41o2Sk5N,1
1705,cgiacobbojk,qqluJL45X3s02v,1
1706,ssilverlockjl,odcyOV141Oo,1
1707,gcorbittjm,dkjcZI94erRJpzuY,1
1708,hbernolletjn,gdysWX64,1
1709,lmallebonejo,gxsaAC08I,1
1710,csarjentjp,vnzpRI26OE,1
1711,bsteadjq,wmkvXG72PBWW,1
1712,agerretsenjr,ljfvZN90s7bbph38,1
1713,nnollijs,pywoLD80n4Bt,1
1714,eschwandenjt,vsrqLF40e,1
1715,jmaphamju,nopuNQ48fBPBc,1
1716,jallebonejv,tuseYL19,1
1717,gtruslerjw,lidkAC2927mZB9,1
1718,fradkejx,grupMM59CYD7,1
1719,phalegarthjy,xkibVH758kIPYode,1
1720,gfrangletonjz,mlecGO27m0Kdi,1
1721,vfulunk0,pjfaKE40Bt0Ca4G,1
1722,lspriggink1,jxpxJU66_7SVN_,1
1723,tskittrallk2,sbcuAT00,1
1724,bmckeak3,tswnQQ70yCJhqRA3,1
1725,bpietersmak4,myqpTZ36loNQOyL,1
1726,acastellettik5,xgyfFW001pzYAg5,1
1727,lklaisk6,raiyGO23,1
1728,jmacfaddenk7,Yl9O,1
1729,dgasquoinek8,tamhWA96Euc4N,1
1730,bsimonetonk9,vcyiRA01,1
1731,ctorricellaka,onwhFM284S3thi_5,1
1732,shadyekb,fhldLQ487,1
1733,cdeambrosiskc,tjafIJ14qLeh,1
1734,spanekd,ggxmDU03hJQwka,1
1735,irennekeke,znlmOY240t,1
1736,wtumininikf,yalwRO31s,1
1737,okernleykg,brdzIE01rgBp,1
1738,ghaggatakh,nuogSI61bwM9WGH,1
1739,ehalliganki,oxgxoNZ65xGmooo,1
1740,rgilbanekj,beuaHW44jxPm8,1
1741,ghaskaynekk,ffslOH60P_p,1
1742,wdatekl,gczjWM49Mn82F,1
1743,mvereckerkm,umarOE87hI6,1
1744,kkyngdonkn,vaiwQL783nWw,1
1745,mwemko,uxfoPY39XsEe,1
1746,spavittkp,7ywybNU50JYbmH77H7,1
1747,gelamkq,lyarQU76L,1
1748,mwalerankr,lrchWS45wtQ,1
1749,tensorks,chjdCP620VHjbl3Q,1
1750,nstockmankt,bgsrLG31,1
1751,etoomerku,vbqyQB82Lov9HBS,1
1752,tstennetkv,ozakUE82KZ4G,1
1753,dfollettkw,mxixQF869K0g,1
1754,zbiggadikekx,bdpgRJ38RhM,1
1755,dralphsky,pbzcGP84YDh73,1
1756,pgounardkz,ufchZM62aL,1
1757,kscrimshawl0,qtkhGP671cb7BZgW,1
1758,mmolloyl1,ojodMH87IPL8c,1
1759,mrommel2,ysjgRW61,1
1760,ebeedlel3,gnqsKS82GI,1
1761,ebattingl4,pyizOE778hI,1
1762,vtunnahl5,kqsxDM20,1
1763,crool6,qtruNP33r,1
1764,eclaceyl7,ce,1
1765,csiemonl8,avzbNG97Xr,1
1766,msellimanl9,vylmJC99V,1
1767,lshackladyla,ipetFH71CzNbiwM,1
1768,kmeenylb,apclYG56t,1
1769,tlapsleylc,lqyvJU13E,1
1770,hgillibrandld,tungSQ11kO5O,1
1771,hmoenle,hwzaGG93HyWDh,1
1772,jpuckrinlf,snqmSW20,1
1773,clocklg,bgvmBI899,1
1774,mgonoudelh,hkkdNJ51N,1
1775,negiloffli,iizlZW53asHESGR,1
1776,ksundinlj,qgycJE36d,1
1777,bsouthernwoodlk,ahuyDG798Yyiv,1
1778,rthoresbiell,kblyLS33Ngm,1
1779,tkennalm,vursUZ87JUI,1
1780,fearlamln,_zmX,1
1781,smallardlo,vhthYR61gPI7nftE,1
1782,klammengalp,nrruLT23W,1
1783,nbeldhamlq,junjMM43ioDQ3i5n,1
1784,coleylr,kjykOX69,1
1785,nkielyls,czlsDE06Gzj2wBw,1
1786,jchmarnylt,ectpKK09t9Tz,1
1787,ctorreselu,lwuusBK52cHllcl,1
1788,swilsdonlv,jwihRH31dHVq,1
1789,ctutelw,yojqDE70Y1r7V1UQ,1
1790,vlorenzinilx,zptcBA53wiC04Al,1
1791,ocussly,dlvnHH54Gkmj,1
1792,scurnesslz,xqngJS39DrMKwPuU,1
1793,abentermanm0,voozVM47B,1
1794,cgarredm1,crylVN44Ko5DekT9,1
1795,gjeynesm2,maimGB41,1
1796,acourtesm3,n4IF1,1
1797,mhaselwoodm4,vrewWW277Otpz,1
1798,pduddanm5,evxlWJ45eex,1
1799,msutliffm6,lnobMO80424Dg,1
1800,nwicklingm7,daxhRT76ebD7,1
1801,gmeerem8,MPiqLvR,1
1802,dconnettm9,hqbzZM92mjFk,1
1803,vevettma,mhtpJE43vS6tS,1
1804,fpessoltmb,ozyzKL252EOXESR,1
1805,cculbertmc,frxwZD91SRGJe,1
1806,cglasebrookmd,ydxsRG81T,1
1807,hrolleyme,lqhkJV70zzY32md2,1
1808,smucklomf,qwamBT67UZ,1
1809,smcconnultymg,seoaGA45PWd3m,1
1810,ltingeymh,ytjqBN88bFtORLs,1
1811,cnessmi,piizGT22XVm_St75,1
1812,kfleethammj,tcvkIB92zIFV6,1
1813,rpittmk,zzozCC704TgD5a0,1
1814,tuzzellml,owikTA84xOkxFjW6,1
1815,dnurdinmm,ttueKD03xuUA,1
1816,tbattellmn,fkjyFU30aO,1
1817,jmizzimo,atygBS99HRe,1
1818,jmacdowallmp,qdhvHO28,1
1819,hsanbrookemq,okpdNM22qxR6,1
1820,tmintonmr,ofhgSO097QW2C171,1
1821,rneathms,teluJT29pmagP,1
1822,jandinomt,jzseGF93HZItl1u,1
1823,fbradburnmu,afhnJS47rL8OR2kR,1
1824,sosgerbymv,dtnlZG54gCSx,1
1825,fwestmanmw,okrnJS32EDp2vm3,1
1826,gdecrucemx,rjzfYI51jY,1
1827,wmarinimy,pdqgWG08ULBsr10,1
1828,tlinsleymz,vzzcHT680kx2,1
1829,glustedn0,egurTT82,1
1830,nspurlingn1,chqwQZ17Nlo8SI,1
1831,kscarrisbrickn2,eolaXD11tWNb,1
1832,freadshawn3,qihshDD65aqqIhLq,1
1833,laspalln4,xaeiSR44_m2,1
1834,mtuftn5,gkjlKG766z,1
1835,mdeveren6,agrsTA47WBBdAaDv,1
1836,rmcrorien7,afvaIF91Wy,1
1837,jtregentn8,fywoUW71SQW,1
1838,ejindrichn9,dmikUT07N,1
1839,sfoulisna,rsyyXC80P,1
1840,hethridgenb,lpbiPE17RMiuwS,1
1841,jthomennc,grmrCN52,1
1842,ksabatesnd,yccnRZ115k5d8,1
1843,elibreyne,pzhzFP76VinpPm,1
1844,maleksandrovnf,jvhtVQ715D5_X,1
1845,mberendsng,tjxuWO5104FX,1
1846,kdrewnh,dynkGR02eXI4gH3f,1
1847,jdulanyni,bigzON74RlokzZD,1
1848,rwipernj,ixeaSN34flacAKrk,1
1849,amiskinnk,emprTI90a1AfFROv,1
1850,mdochartynl,eclvZB95F8Sg,1
1851,tmcmakinnm,qswkUN70p,1
1852,fsprossonnn,kkceCZ50aTE,1
1853,cgrocottno,lifgUM56mHHb,1
1854,ihanneynp,efzbXB90tZxN3Qq1,1
1855,esheathernq,cwkfGO431,1
1856,jdrayseynr,lsafPU95TPXG0If,1
1857,ocolthurstns,vb,1
1858,bferraronnt,pzqcVM20EKqSAA,1
1859,stunnicknu,cdauCB361_,1
1860,lioselevnv,ljpyEH47WQQYqz3,1
1861,awhettletonnw,sncySL90F1rrY0I,1
1862,sburnipnx,dcihAL488Bieg7,1
1863,wcoopperny,qcugKC07,1
1864,fwilmingtonnz,sbgxYM46C,1
1865,svanderbruggeo0,ubxzOQ917uuwqf,1
1866,aubsdallo1,jqvbBX26QFr0,1
1867,nschabeno2,ohurZI48vmRIJ_,1
1868,aspeedino3,rooxJG94CR3ES3l,1
1869,gmaccreao4,sqgqPO312fXBKXw,1
1870,dcurraoo5,qixaLI66JsOG,1
1871,hmatteno6,eitmEQ12,1
1872,sbulfooto7,cezeGB93I,1
1873,eartisso8,qE8B,1
1874,hlomiso9,otwyQC60stkEJfZ1,1
1875,mbarnwelloa,uzuvYF799Alcgj,1
1876,rcollatonob,niifHP06P,1
1877,srameletoc,ebtaJD52Q,1
1878,cpettegreeod,5k0,1
1879,mjewissoe,inogLM03lil,1
1880,dstampeof,bownEF784vw1gF,1
1881,mbeynknog,pqgyKP94,1
1882,pdreinanoh,cyyfEB52h7SS,1
1883,cgunnelloi,lbpsZG63ZRf8y1,1
1884,rotteeoj,ccibWI51l7wtTY,1
1885,cvoyceok,xiqeGP96,1
1886,ghendronol,vhlbWW00t,1
1887,dtuillerom,flrzDO23_6e4,1
1888,dmaccaughanon,5Tp,1
1889,bcrunkhornoo,vzhdRQ34cHgzide,1
1890,cfettisop,fmmpIN20KWOOqZRS,1
1891,ndreweoq,knfwZG02dI1hVQl2,1
1892,dholseyor,sccjFE42,1
1893,ashawdforthos,qkbbTT94eBvC5,1
1894,sgilardoniot,qohlWY20JA,1
1895,hlowenou,mrpaSW641xB,1
1896,chundleyov,ygpyAL269i,1
1897,tgoosnellow,bifmFJ20sCu8pVdh,1
1898,sdoyleyox,iwquWW23v,1
1899,ftreaceoy,flrfSO251BWP,1
1900,gjavesoz,ergsAD21ZMOZWf,1
1901,lpairpointp0,wxrqIV779S,1
1902,dmacquarriep1,anmvHI99GR0Lpz,1
1903,lburrowp2,akfvOL68mB90y3,1
1904,wmathwenp3,poljLA35vMCoc,1
1905,pheatleyp4,jufaSX88_b7,1
1906,emeechanp5,hgtfKY16Dj9,1
1907,athurstanp6,zdqbLG309,1
1908,gcenterp7,vwxkIU04hE,1
1909,jspallsp8,oqjvMM96aZwP5EF,1
1910,aphillottp9,jahzFK26e,1
1911,mhakepa,fhyyHY18uijuVyJ,1
1912,cboggonpb,otzqDN15FlqAKyS,1
1913,ecroxtonpc,heimBN60,1
1914,mmaccourtpd,yeyfKH06ju,1
1915,mbagnalpe,ifqrKL09WNxiG,1
1916,dsprasonpf,zoleAI979rnaYq0F,1
1917,lfynnpg,fyamFV71,1
1918,cducketph,uityIA43bvyNsEXF,1
1919,epaviepi,bgwoBQ959o_,1
1920,tcopynpj,zgnvZW22Sy5v47,1
1921,doldenpk,sxasII46ZzxS,1
1922,gmachonpl,jcvqSG701,1
1923,bsainzpm,pdrmVZ06exsQRss,1
1924,webbottspn,nnmtRQ97DQ9w,1
1925,grudyardpo,rurhAT19i8F7ZC,1
1926,svergopp,gwftPR798,1
1927,hjoplingpq,ZozxaBC72sZZGR5Z,1
1928,rskucepr,OcNHxZ,1
1929,nculbardps,ovbrWT91f,1
1930,larnaldpt,osvmAE425HZ,1
1931,pridgedellpu,kjqlKP17uUZ9x3,1
1932,lbonnorpv,xvbiHK15UZ5,1
1933,dfursepw,awjcJF67XY1NZu1,1
1934,ewoodwinpx,qgnhFK20Ne8y,1
1935,astittpy,fkttPV244c15Lj,1
1936,fnewdickpz,rbnbVU317SKbjal,1
1937,teytonq0,aucvZR47ySO6YlR,1
1938,adifranceshciq1,bvepOT78E,1
1939,jcumbersq2,ohmzKM74x,1
1940,myeatesq3,cyveHY22xUWzqPv,1
1941,jmcquieq4,pR4,1
1942,ablincoeq5,flbcIX322hSY4x,1
1943,fdavidouq6,hoamUG15ysahBS,1
1944,bsedgwickq7,oeiuXP794dmaAGDp,1
1945,cedgeonq8,wsdeFE28,1
1946,pdeclerqq9,kiegWI99Zdqa0k,1
1947,lstoffelsqa,inzbHD72iVFCln,1
1948,ebaselliqb,luopIP35iiawm7,1
1949,gsellersqc,rchbjEM43onSVLrrqZr,1
1950,astrawbridgeqd,owxlLP35aL,1
1951,tscholesqe,vqfnRU39ay,1
1952,cvigarsqf,jfzxRN961rrYmP,1
1953,bkieranqg,kgryYE25,1
1954,poscollainqh,yozrQP455,1
1955,msabattierqi,lydzJI82j,1
1956,aboldockqj,vwotXE15ej59686,1
1957,bdugganqk,rrmxMN54GTizhm,1
1958,mdurbynql,hsrpHG86a3AbY,1
1959,jlydfordqm,hukcME45Iouaz,1
1960,gmartinecqn,actlZZ540s,1
1961,kminithorpeqo,sauaAX69FPWV2R,1
1962,rwyardqp,SkowpNQ504SST_S,1
1963,hsnodingqq,ucdtKX20f9VpA,1
1964,kbullickqr,qtjsQM16bqk,1
1965,mcrilleyqs,xpxuQT18Pw2,1
1966,gecclestoneqt,dbdeHK37PfsDc,1
1967,labthorpequ,maxcIV37s,1
1968,kfuchsqv,zlnkLJ00,1
1969,ccocksedgeqw,mbkfMU90MLnbsF9,1
1970,lclinchqx,ougrCK54,1
1971,emaciaszekqy,xmlbRK79,1
1972,gpendrighqz,hlhfDZ83dgYXgB,1
1973,camorr0,tokxYV85OO6U,1
1974,lansteysr1,kmjzME12,1
1975,asoppr2,pfkaLH688T_d,1
1976,jforlongr3,gmptFB71,1
1977,lframminghamr4,cncxTG13Fn6QZGZ,1
1978,acoxr5,vrjbRM16Wuu,1
1979,tlillicor6,xedzLX73Om,1
1980,lcraykerr7,qsbpNX44EK,1
1981,rfloryr8,aczmHY58s3,1
1982,mvalesr9,xnemSI86,1
1983,solunnyra,hnbzAN76xrc,1
1984,craoultrb,vbytIV72tIe,1
1985,ddwanerc,l,1
1986,jkimblenrd,ctdrEN31CGNbr3T,1
1987,kmurtimerre,hmbrLJ02PdbyOTe,1
1988,achandlarrf,knrxKD55fDl8rj,1
1989,rgiovannazzirg,fvydwGA16L1Z_VDVfff,1
1990,rparlettrh,mtrmXZ33rdE,1
1991,lrubinovri,wcxmSA34,1
1992,irenodenrj,wkliEI50FK,1
1993,mpipkinrk,sujxFL52x,1
1994,teverardrl,yoscKP49Lgm7t,1
1995,ealdwincklerm,knazLT56yFhEwj4N,1
1996,lcrainern,sfesPU38,1
1997,bblitzerro,isdkRG44,1
1998,gkaynerp,lpsAL,1
1999,glehuquetrq,vfaeRC57BQ,1
2000,amessamrr,011P2o,1
2001,admin,admin,2
2002,ucitelj,ucitelj,1
2003,ucenec,ucenec,0